Timestamp,Bin ID,Location,Level (cm),Status
2025-04-09 15:10:56.877702,BIN_01,Sahid Nagar,24,OK
2025-04-09 15:10:56.892160,BIN_02,Patia,49,FULL
2025-04-09 15:10:56.894370,BIN_03,Old Town,34,OK
2025-04-09 15:11:06.896304,BIN_01,Sahid Nagar,5,OK
2025-04-09 15:11:06.900456,BIN_02,Patia,21,OK
2025-04-09 15:11:06.903616,BIN_03,Old Town,22,OK
2025-04-09 15:11:16.907049,BIN_01,Sahid Nagar,19,OK
2025-04-09 15:11:17.015035,BIN_02,Patia,42,FULL
2025-04-09 15:11:17.056896,BIN_03,Old Town,21,OK
2025-04-09 15:11:27.088442,BIN_01,Sahid Nagar,32,OK
2025-04-09 15:11:27.090301,BIN_02,Patia,32,OK
2025-04-09 15:11:27.091876,BIN_03,Old Town,47,FULL
2025-04-09 15:11:37.094714,BIN_01,Sahid Nagar,22,OK
2025-04-09 15:11:37.094714,BIN_02,Patia,20,OK
2025-04-09 15:11:37.094714,BIN_03,Old Town,28,OK
2025-04-09 15:11:47.103546,BIN_01,Sahid Nagar,4,OK
2025-04-09 15:11:47.105602,BIN_02,Patia,16,OK
2025-04-09 15:11:47.105602,BIN_03,Old Town,6,OK
2025-04-09 15:11:57.112706,BIN_01,Sahid Nagar,3,OK
2025-04-09 15:11:57.112706,BIN_02,Patia,47,FULL
2025-04-09 15:11:57.144122,BIN_03,Old Town,25,OK
2025-04-09 15:12:07.151539,BIN_01,Sahid Nagar,16,OK
2025-04-09 15:12:07.151539,BIN_02,Patia,19,OK
2025-04-09 15:12:07.151539,BIN_03,Old Town,46,FULL
2025-04-09 15:12:17.159837,BIN_01,Sahid Nagar,26,OK
2025-04-09 15:12:17.159837,BIN_02,Patia,20,OK
2025-04-09 15:12:17.162893,BIN_03,Old Town,31,OK
2025-04-09 15:12:27.168477,BIN_01,Sahid Nagar,27,OK
2025-04-09 15:12:27.168477,BIN_02,Patia,26,OK
2025-04-09 15:12:27.172730,BIN_03,Old Town,11,OK
2025-04-09 15:12:37.176131,BIN_01,Sahid Nagar,40,FULL
2025-04-09 15:12:37.176131,BIN_02,Patia,18,OK
2025-04-09 15:12:37.181014,BIN_03,Old Town,23,OK
2025-04-09 15:12:47.184734,BIN_01,Sahid Nagar,33,OK
2025-04-09 15:12:47.184734,BIN_02,Patia,43,FULL
2025-04-09 15:12:47.189676,BIN_03,Old Town,41,FULL
2025-04-09 15:12:57.193392,BIN_01,Sahid Nagar,0,OK
2025-04-09 15:12:57.193392,BIN_02,Patia,43,FULL
2025-04-09 15:12:57.193392,BIN_03,Old Town,48,FULL
2025-04-09 15:13:07.207745,BIN_01,Sahid Nagar,12,OK
2025-04-09 15:13:07.209884,BIN_02,Patia,16,OK
2025-04-09 15:13:07.209884,BIN_03,Old Town,39,OK
2025-04-09 15:13:17.216681,BIN_01,Sahid Nagar,49,FULL
2025-04-09 15:13:17.218876,BIN_02,Patia,11,OK
2025-04-09 15:13:17.218876,BIN_03,Old Town,15,OK
2025-04-09 15:13:27.225818,BIN_01,Sahid Nagar,24,OK
2025-04-09 15:13:27.225818,BIN_02,Patia,1,OK
2025-04-09 15:13:27.235713,BIN_03,Old Town,32,OK
2025-04-09 15:13:37.239310,BIN_01,Sahid Nagar,4,OK
2025-04-09 15:13:37.239310,BIN_02,Patia,27,OK
2025-04-09 15:13:37.243821,BIN_03,Old Town,10,OK
2025-04-09 15:13:47.250356,BIN_01,Sahid Nagar,10,OK
2025-04-09 15:13:47.250356,BIN_02,Patia,22,OK
2025-04-09 15:13:47.255037,BIN_03,Old Town,15,OK
2025-04-09 15:13:57.258907,BIN_01,Sahid Nagar,12,OK
2025-04-09 15:13:57.258907,BIN_02,Patia,0,OK
2025-04-09 15:13:57.258907,BIN_03,Old Town,21,OK
2025-04-09 15:14:07.267565,BIN_01,Sahid Nagar,46,FULL
2025-04-09 15:14:07.267565,BIN_02,Patia,13,OK
2025-04-09 15:14:07.272725,BIN_03,Old Town,26,OK
2025-04-09 15:14:17.277302,BIN_01,Sahid Nagar,26,OK
2025-04-09 15:14:17.291422,BIN_02,Patia,49,FULL
2025-04-09 15:14:17.293493,BIN_03,Old Town,7,OK
2025-04-09 15:14:27.296959,BIN_01,Sahid Nagar,2,OK
2025-04-09 15:14:27.334336,BIN_02,Patia,49,FULL
2025-04-09 15:14:27.334336,BIN_03,Old Town,5,OK
2025-04-09 15:14:37.339873,BIN_01,Sahid Nagar,37,OK
2025-04-09 15:14:37.342615,BIN_02,Patia,19,OK
2025-04-09 15:14:37.344473,BIN_03,Old Town,26,OK
2025-04-09 15:14:47.348270,BIN_01,Sahid Nagar,18,OK
2025-04-09 15:14:47.348270,BIN_02,Patia,39,OK
2025-04-09 15:14:47.348270,BIN_03,Old Town,9,OK
2025-04-09 15:14:57.358861,BIN_01,Sahid Nagar,50,FULL
2025-04-09 15:14:57.358861,BIN_02,Patia,35,OK
2025-04-09 15:14:57.358861,BIN_03,Old Town,18,OK
2025-04-09 15:15:07.367573,BIN_01,Sahid Nagar,13,OK
2025-04-09 15:15:07.369594,BIN_02,Patia,45,FULL
2025-04-09 15:15:07.369594,BIN_03,Old Town,41,FULL
2025-04-09 15:15:17.375010,BIN_01,Sahid Nagar,48,FULL
2025-04-09 15:15:17.401099,BIN_02,Patia,17,OK
2025-04-09 15:15:17.408658,BIN_03,Old Town,27,OK
2025-04-09 15:15:27.412480,BIN_01,Sahid Nagar,25,OK
2025-04-09 15:15:27.415385,BIN_02,Patia,13,OK
2025-04-09 15:15:27.418517,BIN_03,Old Town,18,OK
2025-04-09 15:15:37.427445,BIN_01,Sahid Nagar,15,OK
2025-04-09 15:15:37.430020,BIN_02,Patia,33,OK
2025-04-09 15:15:37.430020,BIN_03,Old Town,40,FULL
2025-04-09 15:15:47.436266,BIN_01,Sahid Nagar,29,OK
2025-04-09 15:15:47.436968,BIN_02,Patia,28,OK
2025-04-09 15:15:47.436968,BIN_03,Old Town,26,OK
2025-04-09 15:15:57.445218,BIN_01,Sahid Nagar,46,FULL
2025-04-09 15:15:57.471480,BIN_02,Patia,13,OK
2025-04-09 15:15:57.471480,BIN_03,Old Town,3,OK
2025-04-09 15:16:07.478148,BIN_01,Sahid Nagar,27,OK
2025-04-09 15:16:07.478148,BIN_02,Patia,38,OK
2025-04-09 15:16:07.478148,BIN_03,Old Town,0,OK
2025-04-09 15:16:17.486228,BIN_01,Sahid Nagar,49,FULL
2025-04-09 15:16:17.486228,BIN_02,Patia,2,OK
2025-04-09 15:16:17.486228,BIN_03,Old Town,4,OK
2025-04-09 15:16:27.494727,BIN_01,Sahid Nagar,2,OK
2025-04-09 15:16:27.494727,BIN_02,Patia,8,OK
2025-04-09 15:16:27.494727,BIN_03,Old Town,34,OK
2025-04-09 15:16:37.502636,BIN_01,Sahid Nagar,35,OK
2025-04-09 15:16:37.502636,BIN_02,Patia,38,OK
2025-04-09 15:16:37.502636,BIN_03,Old Town,46,FULL
2025-04-09 15:16:47.512258,BIN_01,Sahid Nagar,35,OK
2025-04-09 15:16:47.512503,BIN_02,Patia,44,FULL
2025-04-09 15:16:47.516995,BIN_03,Old Town,8,OK
2025-04-09 15:16:57.520644,BIN_01,Sahid Nagar,22,OK
2025-04-09 15:16:57.523187,BIN_02,Patia,20,OK
2025-04-09 15:16:57.523187,BIN_03,Old Town,49,FULL
2025-04-09 15:17:07.529691,BIN_01,Sahid Nagar,39,OK
2025-04-09 15:17:07.542554,BIN_02,Patia,12,OK
2025-04-09 15:17:07.550640,BIN_03,Old Town,17,OK
2025-04-09 15:17:17.609609,BIN_01,Sahid Nagar,0,OK
2025-04-09 15:17:17.612705,BIN_02,Patia,40,FULL
2025-04-09 15:17:17.612705,BIN_03,Old Town,43,FULL
2025-04-09 15:17:27.617909,BIN_01,Sahid Nagar,20,OK
2025-04-09 15:17:27.617909,BIN_02,Patia,19,OK
2025-04-09 15:17:27.617909,BIN_03,Old Town,17,OK
2025-04-09 15:17:37.782735,BIN_01,Sahid Nagar,28,OK
2025-04-09 15:17:37.783040,BIN_02,Patia,36,OK
2025-04-09 15:17:37.783040,BIN_03,Old Town,40,FULL
2025-04-09 15:17:47.790924,BIN_01,Sahid Nagar,2,OK
2025-04-09 15:17:47.790924,BIN_02,Patia,18,OK
2025-04-09 15:17:47.790924,BIN_03,Old Town,13,OK
2025-04-09 15:17:57.804021,BIN_01,Sahid Nagar,22,OK
2025-04-09 15:17:57.804021,BIN_02,Patia,31,OK
2025-04-09 15:17:57.804021,BIN_03,Old Town,39,OK
2025-04-09 15:18:07.868595,BIN_01,Sahid Nagar,28,OK
2025-04-09 15:18:07.868595,BIN_02,Patia,28,OK
2025-04-09 15:18:07.868595,BIN_03,Old Town,7,OK
2025-04-09 15:18:17.876184,BIN_01,Sahid Nagar,12,OK
2025-04-09 15:18:18.505401,BIN_02,Patia,31,OK
2025-04-09 15:18:18.646521,BIN_03,Old Town,39,OK
2025-04-09 15:18:28.765688,BIN_01,Sahid Nagar,15,OK
2025-04-09 15:18:28.766193,BIN_02,Patia,29,OK
2025-04-09 15:18:28.766193,BIN_03,Old Town,5,OK
2025-04-09 15:18:38.772397,BIN_01,Sahid Nagar,49,FULL
2025-04-09 15:18:38.776059,BIN_02,Patia,37,OK
2025-04-09 15:18:38.776059,BIN_03,Old Town,32,OK
2025-04-09 15:18:48.781105,BIN_01,Sahid Nagar,17,OK
2025-04-09 15:18:49.161763,BIN_02,Patia,23,OK
2025-04-09 15:18:49.239943,BIN_03,Old Town,15,OK
2025-04-09 15:18:59.244633,BIN_01,Sahid Nagar,37,OK
2025-04-09 15:18:59.303917,BIN_02,Patia,48,FULL
2025-04-09 15:18:59.335676,BIN_03,Old Town,45,FULL
2025-04-09 15:19:09.353094,BIN_01,Sahid Nagar,38,OK
2025-04-09 15:19:09.362675,BIN_02,Patia,35,OK
2025-04-09 15:19:09.363148,BIN_03,Old Town,20,OK
2025-04-09 15:19:19.368357,BIN_01,Sahid Nagar,43,FULL
2025-04-09 15:19:19.368357,BIN_02,Patia,26,OK
2025-04-09 15:19:19.494614,BIN_03,Old Town,48,FULL
2025-04-09 15:19:29.508118,BIN_01,Sahid Nagar,24,OK
2025-04-09 15:19:30.196908,BIN_02,Patia,43,FULL
2025-04-09 15:19:30.268216,BIN_03,Old Town,42,FULL
2025-04-09 15:19:40.272842,BIN_01,Sahid Nagar,6,OK
2025-04-09 15:19:40.461959,BIN_02,Patia,17,OK
2025-04-09 15:19:40.725612,BIN_03,Old Town,32,OK
2025-04-09 15:19:50.790080,BIN_01,Sahid Nagar,17,OK
2025-04-09 15:19:51.345415,BIN_02,Patia,24,OK
2025-04-09 15:19:51.347976,BIN_03,Old Town,18,OK
2025-04-09 15:20:01.351141,BIN_01,Sahid Nagar,25,OK
2025-04-09 15:20:02.226519,BIN_02,Patia,41,FULL
2025-04-09 15:20:02.510401,BIN_03,Old Town,21,OK
2025-04-09 15:20:12.704523,BIN_01,Sahid Nagar,48,FULL
2025-04-09 15:20:14.456453,BIN_02,Patia,34,OK
2025-04-09 15:20:15.124779,BIN_03,Old Town,14,OK
2025-04-09 15:20:25.158309,BIN_01,Sahid Nagar,47,FULL
2025-04-09 15:20:25.391846,BIN_02,Patia,3,OK
2025-04-09 15:20:25.444366,BIN_03,Old Town,3,OK
2025-04-09 15:20:35.456256,BIN_01,Sahid Nagar,23,OK
2025-04-09 15:20:35.570537,BIN_02,Patia,33,OK
2025-04-09 15:20:35.575700,BIN_03,Old Town,35,OK
2025-04-09 15:20:45.579490,BIN_01,Sahid Nagar,16,OK
2025-04-09 15:20:46.513913,BIN_02,Patia,11,OK
2025-04-09 15:20:46.695637,BIN_03,Old Town,9,OK
2025-04-09 15:20:56.703529,BIN_01,Sahid Nagar,43,FULL
2025-04-09 15:20:56.772447,BIN_02,Patia,24,OK
2025-04-09 15:20:56.772447,BIN_03,Old Town,37,OK
2025-04-09 15:21:06.781630,BIN_01,Sahid Nagar,37,OK
2025-04-09 15:21:06.955694,BIN_02,Patia,46,FULL
2025-04-09 15:21:06.963706,BIN_03,Old Town,23,OK
2025-04-09 15:21:17.020873,BIN_01,Sahid Nagar,30,OK
2025-04-09 15:21:17.020873,BIN_02,Patia,23,OK
2025-04-09 15:21:17.020873,BIN_03,Old Town,14,OK
2025-04-09 15:21:27.028378,BIN_01,Sahid Nagar,14,OK
2025-04-09 15:21:27.226178,BIN_02,Patia,47,FULL
2025-04-09 15:21:27.233187,BIN_03,Old Town,35,OK
2025-04-09 15:21:37.261622,BIN_01,Sahid Nagar,14,OK
2025-04-09 15:21:37.545265,BIN_02,Patia,29,OK
2025-04-09 15:21:39.435614,BIN_03,Old Town,47,FULL
2025-04-09 15:21:49.777266,BIN_01,Sahid Nagar,7,OK
2025-04-09 15:21:49.801189,BIN_02,Patia,0,OK
2025-04-09 15:21:49.804378,BIN_03,Old Town,11,OK
2025-04-09 15:21:59.808846,BIN_01,Sahid Nagar,13,OK
2025-04-09 15:21:59.808846,BIN_02,Patia,34,OK
2025-04-09 15:21:59.808846,BIN_03,Old Town,7,OK
2025-04-09 15:22:09.820745,BIN_01,Sahid Nagar,43,FULL
2025-04-09 15:22:09.825277,BIN_02,Patia,49,FULL
2025-04-09 15:22:09.825543,BIN_03,Old Town,13,OK
2025-04-09 15:22:19.829661,BIN_01,Sahid Nagar,33,OK
2025-04-09 15:22:19.916838,BIN_02,Patia,17,OK
2025-04-09 15:22:19.918362,BIN_03,Old Town,48,FULL
2025-04-09 15:22:29.923149,BIN_01,Sahid Nagar,30,OK
2025-04-09 15:22:29.970217,BIN_02,Patia,19,OK
2025-04-09 15:22:29.972397,BIN_03,Old Town,17,OK
2025-04-09 15:22:39.974736,BIN_01,Sahid Nagar,15,OK
2025-04-09 15:22:39.999175,BIN_02,Patia,21,OK
2025-04-09 15:22:39.999676,BIN_03,Old Town,32,OK
2025-04-09 15:22:50.005476,BIN_01,Sahid Nagar,25,OK
2025-04-09 15:22:50.005476,BIN_02,Patia,36,OK
2025-04-09 15:22:50.005476,BIN_03,Old Town,21,OK
2025-04-09 15:23:00.013438,BIN_01,Sahid Nagar,49,FULL
2025-04-09 15:23:00.352663,BIN_02,Patia,28,OK
2025-04-09 15:23:00.681344,BIN_03,Old Town,10,OK
2025-04-09 15:23:10.812342,BIN_01,Sahid Nagar,13,OK
2025-04-09 15:23:10.814009,BIN_02,Patia,31,OK
2025-04-09 15:23:10.816839,BIN_03,Old Town,19,OK
2025-04-09 15:23:20.820426,BIN_01,Sahid Nagar,9,OK
2025-04-09 15:23:20.823169,BIN_02,Patia,11,OK
2025-04-09 15:23:20.823169,BIN_03,Old Town,39,OK
2025-04-09 15:23:30.828653,BIN_01,Sahid Nagar,27,OK
2025-04-09 15:23:30.852336,BIN_02,Patia,1,OK
2025-04-09 15:23:30.852336,BIN_03,Old Town,38,OK
2025-04-09 15:23:40.857116,BIN_01,Sahid Nagar,28,OK
2025-04-09 15:23:40.857116,BIN_02,Patia,13,OK
2025-04-09 15:23:40.857116,BIN_03,Old Town,45,FULL
2025-04-09 15:23:50.865887,BIN_01,Sahid Nagar,50,FULL
2025-04-09 15:23:50.865887,BIN_02,Patia,29,OK
2025-04-09 15:23:50.865887,BIN_03,Old Town,24,OK
2025-04-09 15:24:00.874333,BIN_01,Sahid Nagar,42,FULL
2025-04-09 15:24:00.874673,BIN_02,Patia,1,OK
2025-04-09 15:24:01.100282,BIN_03,Old Town,50,FULL
2025-04-09 15:24:11.108713,BIN_01,Sahid Nagar,2,OK
2025-04-09 15:24:11.116851,BIN_02,Patia,11,OK
2025-04-09 15:24:11.118960,BIN_03,Old Town,14,OK
2025-04-09 15:24:21.125838,BIN_01,Sahid Nagar,38,OK
2025-04-09 15:24:21.127651,BIN_02,Patia,32,OK
2025-04-09 15:24:21.129304,BIN_03,Old Town,14,OK
2025-04-09 15:24:31.131582,BIN_01,Sahid Nagar,12,OK
2025-04-09 15:24:31.131582,BIN_02,Patia,11,OK
2025-04-09 15:24:31.131582,BIN_03,Old Town,14,OK
2025-04-09 15:24:41.138778,BIN_01,Sahid Nagar,7,OK
2025-04-09 15:24:41.138778,BIN_02,Patia,43,FULL
2025-04-09 15:24:41.138778,BIN_03,Old Town,24,OK
2025-04-09 15:24:51.143892,BIN_01,Sahid Nagar,31,OK
2025-04-09 15:24:51.347099,BIN_02,Patia,13,OK
2025-04-09 15:24:51.362721,BIN_03,Old Town,49,FULL
2025-04-09 15:25:01.370261,BIN_01,Sahid Nagar,2,OK
2025-04-09 15:25:01.370261,BIN_02,Patia,10,OK
2025-04-09 15:25:01.370261,BIN_03,Old Town,36,OK
2025-04-09 15:25:11.374612,BIN_01,Sahid Nagar,19,OK
2025-04-09 15:25:11.374612,BIN_02,Patia,48,FULL
2025-04-09 15:25:11.374612,BIN_03,Old Town,42,FULL
2025-04-09 15:25:21.379303,BIN_01,Sahid Nagar,13,OK
2025-04-09 15:25:21.379303,BIN_02,Patia,8,OK
2025-04-09 15:25:21.379303,BIN_03,Old Town,11,OK
2025-04-09 15:25:31.384073,BIN_01,Sahid Nagar,38,OK
2025-04-09 15:25:31.384073,BIN_02,Patia,7,OK
2025-04-09 15:25:31.384073,BIN_03,Old Town,34,OK
2025-04-09 15:25:41.397447,BIN_01,Sahid Nagar,38,OK
2025-04-09 15:25:41.397447,BIN_02,Patia,1,OK
2025-04-09 15:25:41.397447,BIN_03,Old Town,38,OK
2025-04-09 15:25:51.402331,BIN_01,Sahid Nagar,37,OK
2025-04-09 15:25:51.402331,BIN_02,Patia,40,FULL
2025-04-09 15:25:51.402331,BIN_03,Old Town,6,OK
2025-04-09 15:26:01.406640,BIN_01,Sahid Nagar,10,OK
2025-04-09 15:26:01.406640,BIN_02,Patia,32,OK
2025-04-09 15:26:01.406640,BIN_03,Old Town,10,OK
2025-04-09 15:26:11.411170,BIN_01,Sahid Nagar,36,OK
2025-04-09 15:26:11.411170,BIN_02,Patia,34,OK
2025-04-09 15:26:11.411170,BIN_03,Old Town,8,OK
2025-04-09 15:26:21.415672,BIN_01,Sahid Nagar,25,OK
2025-04-09 15:26:21.415672,BIN_02,Patia,5,OK
2025-04-09 15:26:21.431302,BIN_03,Old Town,35,OK
2025-04-09 15:26:31.433048,BIN_01,Sahid Nagar,3,OK
2025-04-09 15:26:31.433048,BIN_02,Patia,8,OK
2025-04-09 15:26:31.433048,BIN_03,Old Town,13,OK
2025-04-09 15:26:41.437692,BIN_01,Sahid Nagar,1,OK
2025-04-09 15:26:41.437692,BIN_02,Patia,20,OK
2025-04-09 15:26:41.437692,BIN_03,Old Town,42,FULL
2025-04-09 16:53:36.456257,BIN_01,Sahid Nagar,22,OK
2025-04-09 16:53:37.281480,BIN_02,Patia,46,FULL
2025-04-09 16:53:37.281480,BIN_03,Old Town,18,OK
2025-04-09 16:53:47.287807,BIN_01,Sahid Nagar,9,OK
2025-04-09 16:53:47.287807,BIN_02,Patia,18,OK
2025-04-09 16:53:47.287807,BIN_03,Old Town,26,OK
2025-04-09 16:53:57.291831,BIN_01,Sahid Nagar,7,OK
2025-04-09 16:53:57.291831,BIN_02,Patia,22,OK
2025-04-09 16:53:57.291831,BIN_03,Old Town,24,OK
2025-04-09 16:54:07.295642,BIN_01,Sahid Nagar,23,OK
2025-04-09 16:54:07.295642,BIN_02,Patia,32,OK
2025-04-09 16:54:07.295642,BIN_03,Old Town,13,OK
2025-04-09 16:54:17.299928,BIN_01,Sahid Nagar,5,OK
2025-04-09 16:54:18.581130,BIN_02,Patia,20,OK
2025-04-09 16:54:18.596670,BIN_03,Old Town,3,OK
2025-04-09 16:54:28.598393,BIN_01,Sahid Nagar,25,OK
2025-04-09 16:54:29.395285,BIN_02,Patia,0,OK
2025-04-09 16:54:29.827818,BIN_03,Old Town,9,OK
2025-04-09 16:54:39.841558,BIN_01,Sahid Nagar,13,OK
2025-04-09 16:54:39.872902,BIN_02,Patia,44,FULL
2025-04-09 16:54:39.872902,BIN_03,Old Town,0,OK
2025-04-09 16:54:49.889932,BIN_01,Sahid Nagar,12,OK
2025-04-09 16:54:49.905656,BIN_02,Patia,10,OK
2025-04-09 16:54:49.921189,BIN_03,Old Town,11,OK
2025-04-09 16:54:59.923755,BIN_01,Sahid Nagar,39,OK
2025-04-09 16:54:59.924262,BIN_02,Patia,37,OK
2025-04-09 16:54:59.924262,BIN_03,Old Town,7,OK
2025-04-09 16:55:09.929453,BIN_01,Sahid Nagar,19,OK
2025-04-09 16:55:09.991959,BIN_02,Patia,26,OK
2025-04-09 16:55:09.991959,BIN_03,Old Town,24,OK
2025-04-09 16:55:19.997467,BIN_01,Sahid Nagar,20,OK
2025-04-09 16:55:19.999626,BIN_02,Patia,9,OK
2025-04-09 16:55:20.002028,BIN_03,Old Town,10,OK
2025-04-09 16:55:30.004011,BIN_01,Sahid Nagar,11,OK
2025-04-09 16:55:30.006963,BIN_02,Patia,6,OK
2025-04-09 16:55:30.009927,BIN_03,Old Town,45,FULL
2025-04-09 16:55:40.012170,BIN_01,Sahid Nagar,6,OK
2025-04-09 16:55:40.338882,BIN_02,Patia,2,OK
2025-04-09 16:55:40.340382,BIN_03,Old Town,15,OK
2025-04-09 16:55:50.342303,BIN_01,Sahid Nagar,37,OK
2025-04-09 16:55:51.254527,BIN_02,Patia,34,OK
2025-04-09 16:55:51.256300,BIN_03,Old Town,48,FULL
2025-04-09 16:56:01.258139,BIN_01,Sahid Nagar,45,FULL
2025-04-09 16:56:01.626507,BIN_02,Patia,17,OK
2025-04-09 16:56:01.628870,BIN_03,Old Town,48,FULL
2025-04-09 16:56:11.631531,BIN_01,Sahid Nagar,26,OK
2025-04-09 16:56:11.635359,BIN_02,Patia,43,FULL
2025-04-09 16:56:11.638143,BIN_03,Old Town,12,OK
2025-04-09 16:56:21.641195,BIN_01,Sahid Nagar,9,OK
2025-04-09 16:56:21.913119,BIN_02,Patia,50,FULL
2025-04-09 16:56:21.915119,BIN_03,Old Town,28,OK
2025-04-09 16:56:31.917284,BIN_01,Sahid Nagar,45,FULL
2025-04-09 16:56:32.952850,BIN_02,Patia,28,OK
2025-04-09 16:56:32.955479,BIN_03,Old Town,13,OK
2025-04-09 16:56:42.958293,BIN_01,Sahid Nagar,1,OK
2025-04-09 16:56:43.080393,BIN_02,Patia,49,FULL
2025-04-09 16:56:43.082384,BIN_03,Old Town,34,OK
2025-04-09 16:56:53.084460,BIN_01,Sahid Nagar,21,OK
2025-04-09 16:56:53.328591,BIN_02,Patia,14,OK
2025-04-09 16:56:53.355835,BIN_03,Old Town,19,OK
2025-04-09 16:57:03.358048,BIN_01,Sahid Nagar,44,FULL
2025-04-09 16:57:03.360218,BIN_02,Patia,14,OK
2025-04-09 16:57:03.362400,BIN_03,Old Town,40,FULL
2025-04-09 16:57:13.364548,BIN_01,Sahid Nagar,14,OK
2025-04-09 16:57:14.104884,BIN_02,Patia,28,OK
2025-04-09 16:57:15.153724,BIN_03,Old Town,47,FULL
2025-04-09 16:57:25.157170,BIN_01,Sahid Nagar,36,OK
2025-04-09 16:57:25.160157,BIN_02,Patia,49,FULL
2025-04-09 16:57:25.162909,BIN_03,Old Town,50,FULL
2025-04-09 16:57:35.165531,BIN_01,Sahid Nagar,29,OK
2025-04-09 16:57:35.283226,BIN_02,Patia,41,FULL
2025-04-09 16:57:35.286664,BIN_03,Old Town,46,FULL
2025-04-09 16:57:45.288253,BIN_01,Sahid Nagar,22,OK
2025-04-09 16:57:45.290602,BIN_02,Patia,4,OK
2025-04-09 16:57:45.293749,BIN_03,Old Town,21,OK
2025-04-09 16:57:55.296894,BIN_01,Sahid Nagar,35,OK
2025-04-09 16:57:55.299991,BIN_02,Patia,24,OK
2025-04-09 16:57:55.301341,BIN_03,Old Town,31,OK
2025-04-09 16:58:05.305594,BIN_01,Sahid Nagar,7,OK
2025-04-09 16:58:05.307598,BIN_02,Patia,29,OK
2025-04-09 16:58:05.307598,BIN_03,Old Town,19,OK
2025-04-09 16:58:15.314011,BIN_01,Sahid Nagar,21,OK
2025-04-09 16:58:15.421675,BIN_02,Patia,25,OK
2025-04-09 16:58:15.424498,BIN_03,Old Town,15,OK
2025-04-09 16:58:25.427419,BIN_01,Sahid Nagar,45,FULL
2025-04-09 16:58:25.427419,BIN_02,Patia,38,OK
2025-04-09 16:58:25.427419,BIN_03,Old Town,7,OK
2025-04-09 16:58:35.435480,BIN_01,Sahid Nagar,30,OK
2025-04-09 16:58:35.435480,BIN_02,Patia,21,OK
2025-04-09 16:58:35.440404,BIN_03,Old Town,40,FULL
2025-04-09 16:58:45.443765,BIN_01,Sahid Nagar,23,OK
2025-04-09 16:58:45.443765,BIN_02,Patia,50,FULL
2025-04-09 16:58:45.443765,BIN_03,Old Town,16,OK
2025-04-09 16:58:55.451128,BIN_01,Sahid Nagar,31,OK
2025-04-09 16:58:55.451128,BIN_02,Patia,20,OK
2025-04-09 16:58:55.451128,BIN_03,Old Town,24,OK
2025-04-09 16:59:05.458521,BIN_01,Sahid Nagar,9,OK
2025-04-09 16:59:05.460506,BIN_02,Patia,6,OK
2025-04-09 16:59:05.462964,BIN_03,Old Town,31,OK
2025-04-09 16:59:15.465655,BIN_01,Sahid Nagar,20,OK
2025-04-09 16:59:15.466898,BIN_02,Patia,29,OK
2025-04-09 16:59:15.468240,BIN_03,Old Town,28,OK
2025-04-09 16:59:25.469557,BIN_01,Sahid Nagar,42,FULL
2025-04-09 16:59:25.482792,BIN_02,Patia,5,OK
2025-04-09 16:59:25.483292,BIN_03,Old Town,31,OK
2025-04-09 16:59:35.487311,BIN_01,Sahid Nagar,21,OK
2025-04-09 16:59:35.487311,BIN_02,Patia,14,OK
2025-04-09 16:59:35.487311,BIN_03,Old Town,12,OK
2025-04-09 16:59:45.495243,BIN_01,Sahid Nagar,17,OK
2025-04-09 16:59:45.833643,BIN_02,Patia,18,OK
2025-04-09 16:59:45.849853,BIN_03,Old Town,24,OK
2025-04-09 16:59:55.897511,BIN_01,Sahid Nagar,10,OK
2025-04-09 16:59:55.988434,BIN_02,Patia,27,OK
2025-04-09 16:59:55.992784,BIN_03,Old Town,16,OK
2025-04-09 17:00:05.994712,BIN_01,Sahid Nagar,44,FULL
2025-04-09 17:00:06.447678,BIN_02,Patia,48,FULL
2025-04-09 17:00:08.298274,BIN_03,Old Town,39,OK
2025-04-09 17:00:18.304839,BIN_01,Sahid Nagar,44,FULL
2025-04-09 17:00:18.304839,BIN_02,Patia,22,OK
2025-04-09 17:00:18.304839,BIN_03,Old Town,12,OK
2025-04-09 17:00:28.312183,BIN_01,Sahid Nagar,44,FULL
2025-04-09 17:00:28.797191,BIN_02,Patia,41,FULL
2025-04-09 17:00:29.245351,BIN_03,Old Town,44,FULL
2025-04-09 17:00:39.410532,BIN_01,Sahid Nagar,8,OK
2025-04-09 17:00:40.131934,BIN_02,Patia,24,OK
2025-04-09 17:00:40.136369,BIN_03,Old Town,41,FULL
2025-04-09 17:00:50.138181,BIN_01,Sahid Nagar,4,OK
2025-04-09 17:00:52.306888,BIN_02,Patia,7,OK
2025-04-09 17:00:52.308442,BIN_03,Old Town,38,OK
2025-04-09 17:01:04.093677,BIN_01,Sahid Nagar,20,OK
2025-04-09 17:01:04.095325,BIN_02,Patia,43,FULL
2025-04-09 17:01:04.095325,BIN_03,Old Town,4,OK
2025-04-09 17:01:14.201526,BIN_01,Sahid Nagar,31,OK
2025-04-09 17:01:14.866827,BIN_02,Patia,10,OK
2025-04-09 17:01:14.868826,BIN_03,Old Town,1,OK
2025-04-09 17:01:24.871425,BIN_01,Sahid Nagar,0,OK
2025-04-09 17:01:25.644662,BIN_02,Patia,15,OK
2025-04-09 17:01:25.647817,BIN_03,Old Town,27,OK
2025-04-09 17:01:35.650357,BIN_01,Sahid Nagar,30,OK
2025-04-09 17:01:36.089294,BIN_02,Patia,4,OK
2025-04-09 17:01:36.091591,BIN_03,Old Town,30,OK
2025-04-09 17:01:46.094293,BIN_01,Sahid Nagar,0,OK
2025-04-09 17:01:46.096399,BIN_02,Patia,49,FULL
2025-04-09 17:01:46.096399,BIN_03,Old Town,36,OK
2025-04-09 17:01:56.101115,BIN_01,Sahid Nagar,20,OK
2025-04-09 17:01:59.635326,BIN_02,Patia,30,OK
2025-04-09 17:01:59.638328,BIN_03,Old Town,30,OK
2025-04-09 17:02:09.640270,BIN_01,Sahid Nagar,2,OK
2025-04-09 17:02:10.831141,BIN_02,Patia,28,OK
2025-04-09 17:02:10.832639,BIN_03,Old Town,19,OK
2025-04-09 17:02:20.935978,BIN_01,Sahid Nagar,30,OK
2025-04-09 17:02:20.937464,BIN_02,Patia,7,OK
2025-04-09 17:02:20.938282,BIN_03,Old Town,46,FULL
2025-04-09 17:02:30.939968,BIN_01,Sahid Nagar,32,OK
2025-04-09 17:02:31.064232,BIN_02,Patia,17,OK
2025-04-09 17:02:31.066606,BIN_03,Old Town,16,OK
2025-04-09 17:02:41.068800,BIN_01,Sahid Nagar,31,OK
2025-04-09 17:02:52.393016,BIN_02,Patia,16,OK
2025-04-09 17:02:52.408086,BIN_03,Old Town,9,OK
2025-04-09 17:03:02.411275,BIN_01,Sahid Nagar,15,OK
2025-04-09 17:03:02.413036,BIN_02,Patia,32,OK
2025-04-09 17:03:02.413036,BIN_03,Old Town,28,OK
2025-04-09 17:03:12.417318,BIN_01,Sahid Nagar,13,OK
2025-04-09 17:03:12.417318,BIN_02,Patia,28,OK
2025-04-09 17:03:12.417318,BIN_03,Old Town,36,OK
2025-04-09 17:03:22.424253,BIN_01,Sahid Nagar,13,OK
2025-04-09 17:03:22.424253,BIN_02,Patia,25,OK
2025-04-09 17:03:22.424253,BIN_03,Old Town,36,OK
2025-04-09 17:03:32.593994,BIN_01,Sahid Nagar,9,OK
2025-04-09 17:03:32.821903,BIN_02,Patia,9,OK
2025-04-09 17:03:32.821903,BIN_03,Old Town,45,FULL
2025-04-09 17:03:42.828264,BIN_01,Sahid Nagar,44,FULL
2025-04-09 17:03:43.014579,BIN_02,Patia,17,OK
2025-04-09 17:03:43.014579,BIN_03,Old Town,26,OK
2025-04-09 17:03:53.080893,BIN_01,Sahid Nagar,41,FULL
2025-04-09 17:03:53.083492,BIN_02,Patia,22,OK
2025-04-09 17:03:53.083492,BIN_03,Old Town,3,OK
2025-04-09 17:04:03.088775,BIN_01,Sahid Nagar,50,FULL
2025-04-09 17:04:03.088775,BIN_02,Patia,42,FULL
2025-04-09 17:04:03.093458,BIN_03,Old Town,24,OK
2025-04-09 17:04:13.096692,BIN_01,Sahid Nagar,40,FULL
2025-04-09 17:04:13.098249,BIN_02,Patia,8,OK
2025-04-09 17:04:13.099756,BIN_03,Old Town,38,OK
2025-04-09 17:04:23.102038,BIN_01,Sahid Nagar,24,OK
2025-04-09 17:04:23.102038,BIN_02,Patia,35,OK
2025-04-09 17:04:23.106334,BIN_03,Old Town,49,FULL
2025-04-09 17:04:33.108954,BIN_01,Sahid Nagar,23,OK
2025-04-09 17:04:33.108954,BIN_02,Patia,14,OK
2025-04-09 17:04:33.108954,BIN_03,Old Town,41,FULL
2025-04-09 17:04:43.116558,BIN_01,Sahid Nagar,45,FULL
2025-04-09 17:04:43.118092,BIN_02,Patia,46,FULL
2025-04-09 17:04:43.225287,BIN_03,Old Town,22,OK
2025-04-09 17:04:53.228285,BIN_01,Sahid Nagar,26,OK
2025-04-09 17:04:53.228285,BIN_02,Patia,6,OK
2025-04-09 17:04:53.228285,BIN_03,Old Town,14,OK
2025-04-09 17:05:03.235627,BIN_01,Sahid Nagar,35,OK
2025-04-09 17:05:03.235627,BIN_02,Patia,25,OK
2025-04-09 17:05:03.235627,BIN_03,Old Town,49,FULL
2025-04-09 17:05:13.244649,BIN_01,Sahid Nagar,7,OK
2025-04-09 17:05:13.244649,BIN_02,Patia,3,OK
2025-04-09 17:05:13.244649,BIN_03,Old Town,4,OK
2025-04-09 17:05:23.248899,BIN_01,Sahid Nagar,10,OK
2025-04-09 17:05:23.248899,BIN_02,Patia,6,OK
2025-04-09 17:05:23.248899,BIN_03,Old Town,26,OK
2025-04-09 17:05:33.255394,BIN_01,Sahid Nagar,29,OK
2025-04-09 17:05:33.255394,BIN_02,Patia,28,OK
2025-04-09 17:05:33.255394,BIN_03,Old Town,35,OK
2025-04-09 17:05:43.262505,BIN_01,Sahid Nagar,25,OK
2025-04-09 17:05:43.273946,BIN_02,Patia,10,OK
2025-04-09 17:05:43.274947,BIN_03,Old Town,40,FULL
2025-04-09 17:05:53.278712,BIN_01,Sahid Nagar,47,FULL
2025-04-09 17:05:56.034898,BIN_02,Patia,18,OK
2025-04-09 17:05:56.034898,BIN_03,Old Town,10,OK
2025-04-09 17:06:06.041732,BIN_01,Sahid Nagar,8,OK
2025-04-09 17:06:06.043161,BIN_02,Patia,49,FULL
2025-04-09 17:06:06.044615,BIN_03,Old Town,46,FULL
2025-04-09 17:06:16.046959,BIN_01,Sahid Nagar,41,FULL
2025-04-09 17:06:16.048659,BIN_02,Patia,24,OK
2025-04-09 17:06:16.064843,BIN_03,Old Town,14,OK
2025-04-09 17:06:26.076495,BIN_01,Sahid Nagar,41,FULL
2025-04-09 17:06:26.076495,BIN_02,Patia,8,OK
2025-04-09 17:06:26.076495,BIN_03,Old Town,23,OK
2025-04-09 17:06:36.083729,BIN_01,Sahid Nagar,34,OK
2025-04-09 17:06:36.083729,BIN_02,Patia,50,FULL
2025-04-09 17:06:36.083729,BIN_03,Old Town,12,OK
2025-04-09 17:06:46.129817,BIN_01,Sahid Nagar,13,OK
2025-04-09 17:06:46.129817,BIN_02,Patia,39,OK
2025-04-09 17:06:46.133554,BIN_03,Old Town,0,OK
2025-04-09 17:06:56.137519,BIN_01,Sahid Nagar,10,OK
2025-04-09 17:06:56.137519,BIN_02,Patia,17,OK
2025-04-09 17:06:56.137519,BIN_03,Old Town,4,OK
2025-04-09 17:07:06.144403,BIN_01,Sahid Nagar,7,OK
2025-04-09 17:07:06.144403,BIN_02,Patia,3,OK
2025-04-09 17:07:06.144403,BIN_03,Old Town,45,FULL
2025-04-09 17:07:16.151114,BIN_01,Sahid Nagar,22,OK
2025-04-09 17:07:16.151114,BIN_02,Patia,5,OK
2025-04-09 17:07:16.151114,BIN_03,Old Town,38,OK
2025-04-09 17:07:26.188398,BIN_01,Sahid Nagar,41,FULL
2025-04-09 17:07:26.191976,BIN_02,Patia,27,OK
2025-04-09 17:07:26.194771,BIN_03,Old Town,4,OK
2025-04-09 17:07:36.197076,BIN_01,Sahid Nagar,16,OK
2025-04-09 17:07:36.197076,BIN_02,Patia,5,OK
2025-04-09 17:07:36.197076,BIN_03,Old Town,34,OK
2025-04-09 17:07:46.204195,BIN_01,Sahid Nagar,23,OK
2025-04-09 17:07:46.204195,BIN_02,Patia,28,OK
2025-04-09 17:07:46.204195,BIN_03,Old Town,41,FULL
2025-04-09 17:07:56.212095,BIN_01,Sahid Nagar,40,FULL
2025-04-09 17:07:56.232751,BIN_02,Patia,19,OK
2025-04-09 17:07:56.235769,BIN_03,Old Town,12,OK
2025-04-09 17:08:06.238714,BIN_01,Sahid Nagar,42,FULL
2025-04-09 17:08:06.240656,BIN_02,Patia,8,OK
2025-04-09 17:08:06.241719,BIN_03,Old Town,43,FULL
2025-04-09 17:08:16.243746,BIN_01,Sahid Nagar,19,OK
2025-04-09 17:08:16.243746,BIN_02,Patia,50,FULL
2025-04-09 17:08:16.279817,BIN_03,Old Town,16,OK
2025-04-09 17:08:26.290269,BIN_01,Sahid Nagar,11,OK
2025-04-09 17:08:26.391988,BIN_02,Patia,43,FULL
2025-04-09 17:08:26.391988,BIN_03,Old Town,25,OK
2025-04-09 17:08:36.398283,BIN_01,Sahid Nagar,32,OK
2025-04-09 17:08:36.398283,BIN_02,Patia,3,OK
2025-04-09 17:08:36.398283,BIN_03,Old Town,28,OK
2025-04-09 17:08:46.405570,BIN_01,Sahid Nagar,12,OK
2025-04-09 17:08:46.405570,BIN_02,Patia,29,OK
2025-04-09 17:08:46.405570,BIN_03,Old Town,31,OK
2025-04-09 17:08:56.411784,BIN_01,Sahid Nagar,23,OK
2025-04-09 17:08:56.413618,BIN_02,Patia,27,OK
2025-04-09 17:08:56.415302,BIN_03,Old Town,50,FULL
2025-04-09 17:09:06.417636,BIN_01,Sahid Nagar,18,OK
2025-04-09 17:09:06.419463,BIN_02,Patia,23,OK
2025-04-09 17:09:06.419463,BIN_03,Old Town,25,OK
2025-04-09 17:09:16.424421,BIN_01,Sahid Nagar,10,OK
2025-04-09 17:09:16.426397,BIN_02,Patia,1,OK
2025-04-09 17:09:16.426397,BIN_03,Old Town,14,OK
2025-04-09 17:09:26.430664,BIN_01,Sahid Nagar,27,OK
2025-04-09 17:09:26.432317,BIN_02,Patia,27,OK
2025-04-09 17:09:26.433825,BIN_03,Old Town,17,OK
2025-04-09 17:09:36.435345,BIN_01,Sahid Nagar,7,OK
2025-04-09 17:09:36.435345,BIN_02,Patia,45,FULL
2025-04-09 17:09:36.435345,BIN_03,Old Town,48,FULL
2025-04-09 17:09:46.443035,BIN_01,Sahid Nagar,35,OK
2025-04-09 17:09:46.444451,BIN_02,Patia,2,OK
2025-04-09 17:09:46.500962,BIN_03,Old Town,22,OK
2025-04-09 17:09:56.507846,BIN_01,Sahid Nagar,32,OK
2025-04-09 17:09:56.558116,BIN_02,Patia,42,FULL
2025-04-09 17:09:56.558116,BIN_03,Old Town,18,OK
2025-04-09 17:10:06.570777,BIN_01,Sahid Nagar,9,OK
2025-04-09 17:10:06.573210,BIN_02,Patia,45,FULL
2025-04-09 17:10:06.573210,BIN_03,Old Town,0,OK
2025-04-09 17:10:16.578056,BIN_01,Sahid Nagar,14,OK
2025-04-09 17:10:16.580927,BIN_02,Patia,21,OK
2025-04-09 17:10:16.582945,BIN_03,Old Town,6,OK
2025-04-09 17:10:26.585984,BIN_01,Sahid Nagar,28,OK
2025-04-09 17:10:26.587494,BIN_02,Patia,8,OK
2025-04-09 17:10:26.587494,BIN_03,Old Town,9,OK
2025-04-09 17:10:36.591290,BIN_01,Sahid Nagar,24,OK
2025-04-09 17:10:36.591290,BIN_02,Patia,26,OK
2025-04-09 17:10:36.591290,BIN_03,Old Town,30,OK
2025-04-09 17:10:46.598232,BIN_01,Sahid Nagar,50,FULL
2025-04-09 17:10:46.601239,BIN_02,Patia,3,OK
2025-04-09 17:10:46.640531,BIN_03,Old Town,39,OK
2025-04-09 17:10:56.643202,BIN_01,Sahid Nagar,40,FULL
2025-04-09 17:10:56.643202,BIN_02,Patia,30,OK
2025-04-09 17:10:56.643202,BIN_03,Old Town,6,OK
2025-04-09 17:11:06.650478,BIN_01,Sahid Nagar,38,OK
2025-04-09 17:11:06.650478,BIN_02,Patia,14,OK
2025-04-09 17:11:06.650478,BIN_03,Old Town,37,OK
2025-04-09 17:11:16.658124,BIN_01,Sahid Nagar,45,FULL
2025-04-09 17:11:16.659985,BIN_02,Patia,50,FULL
2025-04-09 17:11:16.659985,BIN_03,Old Town,45,FULL
2025-04-09 17:11:26.664775,BIN_01,Sahid Nagar,17,OK
2025-04-09 17:11:26.664775,BIN_02,Patia,13,OK
2025-04-09 17:11:26.664775,BIN_03,Old Town,14,OK
2025-04-09 17:11:36.672460,BIN_01,Sahid Nagar,44,FULL
2025-04-09 17:11:36.674961,BIN_02,Patia,4,OK
2025-04-09 17:11:36.676381,BIN_03,Old Town,24,OK
2025-04-09 17:11:46.677964,BIN_01,Sahid Nagar,46,FULL
2025-04-09 17:11:46.680855,BIN_02,Patia,27,OK
2025-04-09 17:11:46.680855,BIN_03,Old Town,7,OK
2025-04-09 17:11:56.685315,BIN_01,Sahid Nagar,26,OK
2025-04-09 17:11:56.701029,BIN_02,Patia,1,OK
2025-04-09 17:11:56.717582,BIN_03,Old Town,34,OK
2025-04-09 17:12:06.720414,BIN_01,Sahid Nagar,14,OK
2025-04-09 17:12:09.125866,BIN_02,Patia,13,OK
2025-04-09 17:12:09.126937,BIN_03,Old Town,35,OK
2025-04-09 17:12:19.128689,BIN_01,Sahid Nagar,17,OK
2025-04-09 17:12:19.128689,BIN_02,Patia,38,OK
2025-04-09 17:12:19.128689,BIN_03,Old Town,43,FULL
2025-04-09 17:12:29.323022,BIN_01,Sahid Nagar,5,OK
2025-04-09 17:12:29.354713,BIN_02,Patia,38,OK
2025-04-09 17:12:29.356024,BIN_03,Old Town,5,OK
2025-04-09 17:12:39.357532,BIN_01,Sahid Nagar,41,FULL
2025-04-09 17:12:39.357532,BIN_02,Patia,24,OK
2025-04-09 17:12:39.387919,BIN_03,Old Town,7,OK
2025-04-09 17:12:49.390174,BIN_01,Sahid Nagar,47,FULL
2025-04-09 17:12:49.392538,BIN_02,Patia,46,FULL
2025-04-09 17:12:49.396198,BIN_03,Old Town,24,OK
2025-04-09 17:12:59.400949,BIN_01,Sahid Nagar,6,OK
2025-04-09 17:12:59.400949,BIN_02,Patia,42,FULL
2025-04-09 17:12:59.400949,BIN_03,Old Town,3,OK
2025-04-09 17:13:09.409257,BIN_01,Sahid Nagar,25,OK
2025-04-09 17:13:09.411148,BIN_02,Patia,22,OK
2025-04-09 17:13:09.411148,BIN_03,Old Town,34,OK
2025-04-09 17:13:19.416751,BIN_01,Sahid Nagar,4,OK
2025-04-09 17:13:19.418399,BIN_02,Patia,35,OK
2025-04-09 17:13:19.418399,BIN_03,Old Town,32,OK
2025-04-09 17:13:29.423171,BIN_01,Sahid Nagar,45,FULL
2025-04-09 17:13:29.424668,BIN_02,Patia,37,OK
2025-04-09 17:13:29.426607,BIN_03,Old Town,25,OK
2025-04-09 17:13:39.427998,BIN_01,Sahid Nagar,15,OK
2025-04-09 17:13:39.492011,BIN_02,Patia,14,OK
2025-04-09 17:13:39.492011,BIN_03,Old Town,36,OK
2025-04-09 17:13:49.505072,BIN_01,Sahid Nagar,38,OK
2025-04-09 17:13:49.505072,BIN_02,Patia,27,OK
2025-04-09 17:13:49.571903,BIN_03,Old Town,9,OK
2025-04-09 17:13:59.580982,BIN_01,Sahid Nagar,11,OK
2025-04-09 17:13:59.582293,BIN_02,Patia,43,FULL
2025-04-09 17:13:59.601885,BIN_03,Old Town,49,FULL
2025-04-09 17:14:09.605140,BIN_01,Sahid Nagar,37,OK
2025-04-09 17:14:09.606576,BIN_02,Patia,14,OK
2025-04-09 17:14:09.667411,BIN_03,Old Town,49,FULL
2025-04-09 17:14:19.670168,BIN_01,Sahid Nagar,47,FULL
2025-04-09 17:14:19.672440,BIN_02,Patia,49,FULL
2025-04-09 17:14:19.739147,BIN_03,Old Town,11,OK
2025-04-09 17:14:29.748518,BIN_01,Sahid Nagar,47,FULL
2025-04-09 17:14:29.750498,BIN_02,Patia,24,OK
2025-04-09 17:14:29.750498,BIN_03,Old Town,25,OK
2025-04-09 17:14:39.755035,BIN_01,Sahid Nagar,16,OK
2025-04-09 17:14:39.755035,BIN_02,Patia,35,OK
2025-04-09 17:14:39.758206,BIN_03,Old Town,26,OK
2025-04-09 17:14:49.760291,BIN_01,Sahid Nagar,25,OK
2025-04-09 17:14:49.762518,BIN_02,Patia,4,OK
2025-04-09 17:14:49.762518,BIN_03,Old Town,30,OK
2025-04-09 17:14:59.768100,BIN_01,Sahid Nagar,24,OK
2025-04-09 17:14:59.768100,BIN_02,Patia,28,OK
2025-04-09 17:14:59.768100,BIN_03,Old Town,39,OK
2025-04-09 17:15:09.775551,BIN_01,Sahid Nagar,33,OK
2025-04-09 17:15:14.270704,BIN_02,Patia,1,OK
2025-04-09 17:15:14.421506,BIN_03,Old Town,37,OK
2025-04-09 17:15:24.429006,BIN_01,Sahid Nagar,21,OK
2025-04-09 17:15:24.429006,BIN_02,Patia,46,FULL
2025-04-09 17:15:24.429006,BIN_03,Old Town,38,OK
2025-04-09 17:15:34.435816,BIN_01,Sahid Nagar,4,OK
2025-04-09 17:15:34.438056,BIN_02,Patia,45,FULL
2025-04-09 17:15:34.438056,BIN_03,Old Town,30,OK
2025-04-09 17:15:44.442591,BIN_01,Sahid Nagar,21,OK
2025-04-09 17:15:44.442591,BIN_02,Patia,13,OK
2025-04-09 17:15:44.446855,BIN_03,Old Town,43,FULL
2025-04-09 17:15:54.450454,BIN_01,Sahid Nagar,33,OK
2025-04-09 17:15:54.450454,BIN_02,Patia,20,OK
2025-04-09 17:15:54.450454,BIN_03,Old Town,35,OK
2025-04-09 17:16:04.458573,BIN_01,Sahid Nagar,42,FULL
2025-04-09 17:16:04.459969,BIN_02,Patia,25,OK
2025-04-09 17:16:04.461804,BIN_03,Old Town,15,OK
2025-04-09 17:16:14.465112,BIN_01,Sahid Nagar,41,FULL
2025-04-09 17:16:14.467497,BIN_02,Patia,44,FULL
2025-04-09 17:16:14.467497,BIN_03,Old Town,34,OK
2025-04-09 17:16:24.472047,BIN_01,Sahid Nagar,30,OK
2025-04-09 17:16:24.474990,BIN_02,Patia,21,OK
2025-04-09 17:16:24.476627,BIN_03,Old Town,19,OK
2025-04-09 17:16:34.479284,BIN_01,Sahid Nagar,40,FULL
2025-04-09 17:16:34.479284,BIN_02,Patia,48,FULL
2025-04-09 17:16:34.771481,BIN_03,Old Town,50,FULL
2025-04-09 17:16:44.786270,BIN_01,Sahid Nagar,20,OK
2025-04-09 17:16:44.788144,BIN_02,Patia,4,OK
2025-04-09 17:16:44.789643,BIN_03,Old Town,43,FULL
2025-04-09 17:16:54.791768,BIN_01,Sahid Nagar,12,OK
2025-04-09 17:16:54.793552,BIN_02,Patia,42,FULL
2025-04-09 17:16:54.793552,BIN_03,Old Town,26,OK
2025-04-09 17:17:04.797569,BIN_01,Sahid Nagar,20,OK
2025-04-09 17:17:04.797569,BIN_02,Patia,31,OK
2025-04-09 17:17:04.797569,BIN_03,Old Town,46,FULL
2025-04-09 17:17:14.804236,BIN_01,Sahid Nagar,20,OK
2025-04-09 17:17:14.804236,BIN_02,Patia,19,OK
2025-04-09 17:17:14.804236,BIN_03,Old Town,4,OK
2025-04-09 17:17:24.810586,BIN_01,Sahid Nagar,28,OK
2025-04-09 17:17:24.810586,BIN_02,Patia,43,FULL
2025-04-09 17:17:24.810586,BIN_03,Old Town,41,FULL
2025-04-09 17:17:34.818042,BIN_01,Sahid Nagar,12,OK
2025-04-09 17:17:34.818042,BIN_02,Patia,12,OK
2025-04-09 17:17:34.962096,BIN_03,Old Town,44,FULL
2025-04-09 17:17:44.970847,BIN_01,Sahid Nagar,33,OK
2025-04-09 17:17:44.970847,BIN_02,Patia,7,OK
2025-04-09 17:17:44.970847,BIN_03,Old Town,2,OK
2025-04-09 17:17:54.977876,BIN_01,Sahid Nagar,19,OK
2025-04-09 17:17:54.977876,BIN_02,Patia,3,OK
2025-04-09 17:17:54.977876,BIN_03,Old Town,45,FULL
2025-04-09 17:18:04.984635,BIN_01,Sahid Nagar,44,FULL
2025-04-09 17:18:04.984635,BIN_02,Patia,18,OK
2025-04-09 17:18:04.984635,BIN_03,Old Town,3,OK
2025-04-09 17:18:14.989698,BIN_01,Sahid Nagar,21,OK
2025-04-09 17:18:14.989698,BIN_02,Patia,25,OK
2025-04-09 17:18:14.989698,BIN_03,Old Town,40,FULL
2025-04-09 17:18:24.996963,BIN_01,Sahid Nagar,28,OK
2025-04-09 17:18:24.996963,BIN_02,Patia,8,OK
2025-04-09 17:18:24.996963,BIN_03,Old Town,1,OK
2025-04-09 17:18:35.004402,BIN_01,Sahid Nagar,50,FULL
2025-04-09 17:18:35.004402,BIN_02,Patia,31,OK
2025-04-09 17:18:35.004402,BIN_03,Old Town,21,OK
2025-04-09 17:18:45.011451,BIN_01,Sahid Nagar,22,OK
2025-04-09 17:18:45.012443,BIN_02,Patia,22,OK
2025-04-09 17:18:45.014484,BIN_03,Old Town,0,OK
2025-04-09 17:18:55.016084,BIN_01,Sahid Nagar,44,FULL
2025-04-09 17:18:55.016084,BIN_02,Patia,42,FULL
2025-04-09 17:18:55.020032,BIN_03,Old Town,12,OK
2025-04-09 17:19:05.022242,BIN_01,Sahid Nagar,16,OK
2025-04-09 17:19:05.022242,BIN_02,Patia,34,OK
2025-04-09 17:19:05.022242,BIN_03,Old Town,34,OK
2025-04-09 17:19:15.030264,BIN_01,Sahid Nagar,10,OK
2025-04-09 17:19:15.030264,BIN_02,Patia,41,FULL
2025-04-09 17:19:15.030264,BIN_03,Old Town,1,OK
2025-04-09 17:19:25.036438,BIN_01,Sahid Nagar,5,OK
2025-04-09 17:19:25.036438,BIN_02,Patia,14,OK
2025-04-09 17:19:25.036438,BIN_03,Old Town,2,OK
2025-04-09 17:19:35.043132,BIN_01,Sahid Nagar,7,OK
2025-04-09 17:19:35.045546,BIN_02,Patia,25,OK
2025-04-09 17:19:35.047301,BIN_03,Old Town,23,OK
2025-04-09 17:19:45.050803,BIN_01,Sahid Nagar,39,OK
2025-04-09 17:19:45.052152,BIN_02,Patia,36,OK
2025-04-09 17:19:45.052152,BIN_03,Old Town,1,OK
2025-04-09 17:19:55.057336,BIN_01,Sahid Nagar,24,OK
2025-04-09 17:19:55.088190,BIN_02,Patia,36,OK
2025-04-09 17:19:55.088190,BIN_03,Old Town,42,FULL
2025-04-09 17:20:05.093301,BIN_01,Sahid Nagar,34,OK
2025-04-09 17:20:05.093301,BIN_02,Patia,49,FULL
2025-04-09 17:20:05.093301,BIN_03,Old Town,22,OK
2025-04-09 17:20:15.100069,BIN_01,Sahid Nagar,21,OK
2025-04-09 17:20:15.100069,BIN_02,Patia,0,OK
2025-04-09 17:20:15.100069,BIN_03,Old Town,41,FULL
2025-04-09 17:20:25.107375,BIN_01,Sahid Nagar,37,OK
2025-04-09 17:20:25.107375,BIN_02,Patia,6,OK
2025-04-09 17:20:25.107375,BIN_03,Old Town,39,OK
2025-04-09 17:20:35.114093,BIN_01,Sahid Nagar,32,OK
2025-04-09 17:20:37.712419,BIN_02,Patia,17,OK
2025-04-09 17:20:37.714007,BIN_03,Old Town,27,OK
2025-04-09 17:20:47.716552,BIN_01,Sahid Nagar,0,OK
2025-04-09 17:20:47.718428,BIN_02,Patia,40,FULL
2025-04-09 17:20:47.718428,BIN_03,Old Town,42,FULL
2025-04-09 17:20:57.723727,BIN_01,Sahid Nagar,13,OK
2025-04-09 17:20:57.740388,BIN_02,Patia,11,OK
2025-04-09 17:20:57.740388,BIN_03,Old Town,27,OK
2025-04-09 17:21:07.748880,BIN_01,Sahid Nagar,22,OK
2025-04-09 17:21:07.748880,BIN_02,Patia,36,OK
2025-04-09 17:21:07.755804,BIN_03,Old Town,37,OK
2025-04-09 17:21:17.758826,BIN_01,Sahid Nagar,34,OK
2025-04-09 17:21:17.761704,BIN_02,Patia,19,OK
2025-04-09 17:21:17.765097,BIN_03,Old Town,32,OK
2025-04-09 17:21:27.767870,BIN_01,Sahid Nagar,42,FULL
2025-04-09 17:21:27.770428,BIN_02,Patia,21,OK
2025-04-09 17:21:27.770428,BIN_03,Old Town,34,OK
2025-04-09 17:21:37.775218,BIN_01,Sahid Nagar,28,OK
2025-04-09 17:21:37.776791,BIN_02,Patia,1,OK
2025-04-09 17:21:37.776791,BIN_03,Old Town,41,FULL
2025-04-09 17:21:47.781807,BIN_01,Sahid Nagar,31,OK
2025-04-09 17:21:47.783939,BIN_02,Patia,42,FULL
2025-04-09 17:21:47.784438,BIN_03,Old Town,1,OK
2025-04-09 17:21:57.789100,BIN_01,Sahid Nagar,11,OK
2025-04-09 17:21:57.791150,BIN_02,Patia,23,OK
2025-04-09 17:21:57.791150,BIN_03,Old Town,13,OK
2025-04-09 17:22:07.796363,BIN_01,Sahid Nagar,9,OK
2025-04-09 17:22:07.798135,BIN_02,Patia,35,OK
2025-04-09 17:22:07.814251,BIN_03,Old Town,37,OK
2025-04-09 17:22:17.830206,BIN_01,Sahid Nagar,27,OK
2025-04-09 17:22:17.830206,BIN_02,Patia,34,OK
2025-04-09 17:22:17.830206,BIN_03,Old Town,41,FULL
2025-04-09 17:22:27.837342,BIN_01,Sahid Nagar,25,OK
2025-04-09 17:22:27.837342,BIN_02,Patia,46,FULL
2025-04-09 17:22:27.837342,BIN_03,Old Town,40,FULL
2025-04-09 17:22:37.844155,BIN_01,Sahid Nagar,8,OK
2025-04-09 17:22:37.844155,BIN_02,Patia,50,FULL
2025-04-09 17:22:37.844155,BIN_03,Old Town,16,OK
2025-04-09 17:22:47.851193,BIN_01,Sahid Nagar,2,OK
2025-04-09 17:22:47.851193,BIN_02,Patia,50,FULL
2025-04-09 17:22:47.851193,BIN_03,Old Town,33,OK
2025-04-09 17:22:57.858146,BIN_01,Sahid Nagar,46,FULL
2025-04-09 17:22:57.858146,BIN_02,Patia,50,FULL
2025-04-09 17:22:57.858146,BIN_03,Old Town,25,OK
2025-04-09 17:23:07.865648,BIN_01,Sahid Nagar,8,OK
2025-04-09 17:23:07.868141,BIN_02,Patia,14,OK
2025-04-09 17:23:07.868141,BIN_03,Old Town,37,OK
2025-04-09 17:23:17.873171,BIN_01,Sahid Nagar,34,OK
2025-04-09 17:23:17.875731,BIN_02,Patia,39,OK
2025-04-09 17:23:17.924427,BIN_03,Old Town,26,OK
2025-04-09 17:23:27.945779,BIN_01,Sahid Nagar,30,OK
2025-04-09 17:23:27.979315,BIN_02,Patia,32,OK
2025-04-09 17:23:27.994844,BIN_03,Old Town,4,OK
2025-04-09 17:23:37.999663,BIN_01,Sahid Nagar,13,OK
2025-04-09 17:23:38.018544,BIN_02,Patia,0,OK
2025-04-09 17:23:38.018544,BIN_03,Old Town,10,OK
2025-04-09 17:23:48.033667,BIN_01,Sahid Nagar,18,OK
2025-04-09 17:23:48.033667,BIN_02,Patia,33,OK
2025-04-09 17:23:48.033667,BIN_03,Old Town,3,OK
2025-04-09 17:23:58.040388,BIN_01,Sahid Nagar,49,FULL
2025-04-09 17:23:58.046697,BIN_02,Patia,27,OK
2025-04-09 17:23:58.046697,BIN_03,Old Town,38,OK
2025-04-09 17:24:08.051720,BIN_01,Sahid Nagar,12,OK
2025-04-09 17:24:08.051720,BIN_02,Patia,7,OK
2025-04-09 17:24:08.051720,BIN_03,Old Town,36,OK
2025-04-09 17:24:18.059471,BIN_01,Sahid Nagar,8,OK
2025-04-09 17:24:18.063050,BIN_02,Patia,20,OK
2025-04-09 17:24:18.064012,BIN_03,Old Town,2,OK
2025-04-09 17:24:28.067340,BIN_01,Sahid Nagar,33,OK
2025-04-09 17:24:28.067340,BIN_02,Patia,46,FULL
2025-04-09 17:24:28.071412,BIN_03,Old Town,3,OK
2025-04-09 17:24:38.074297,BIN_01,Sahid Nagar,35,OK
2025-04-09 17:24:38.074297,BIN_02,Patia,17,OK
2025-04-09 17:24:38.137841,BIN_03,Old Town,48,FULL
2025-04-09 17:24:48.146087,BIN_01,Sahid Nagar,7,OK
2025-04-09 17:24:48.175118,BIN_02,Patia,33,OK
2025-04-09 17:24:48.177339,BIN_03,Old Town,37,OK
2025-04-09 17:24:58.179679,BIN_01,Sahid Nagar,1,OK
2025-04-09 17:24:58.179679,BIN_02,Patia,47,FULL
2025-04-09 17:24:58.179679,BIN_03,Old Town,8,OK
2025-04-09 17:25:08.186267,BIN_01,Sahid Nagar,5,OK
2025-04-09 17:25:08.188325,BIN_02,Patia,14,OK
2025-04-09 17:25:08.188325,BIN_03,Old Town,13,OK
2025-04-09 17:25:18.194394,BIN_01,Sahid Nagar,39,OK
2025-04-09 17:25:18.194394,BIN_02,Patia,21,OK
2025-04-09 17:25:18.194394,BIN_03,Old Town,5,OK
2025-04-09 17:25:28.201313,BIN_01,Sahid Nagar,48,FULL
2025-04-09 17:25:28.201313,BIN_02,Patia,14,OK
2025-04-09 17:25:28.206115,BIN_03,Old Town,12,OK
2025-04-09 17:25:38.208546,BIN_01,Sahid Nagar,13,OK
2025-04-09 17:25:38.210324,BIN_02,Patia,16,OK
2025-04-09 17:25:38.211930,BIN_03,Old Town,2,OK
2025-04-09 17:25:48.213980,BIN_01,Sahid Nagar,50,FULL
2025-04-09 17:25:48.216398,BIN_02,Patia,10,OK
2025-04-09 17:25:48.218432,BIN_03,Old Town,41,FULL
2025-04-09 17:25:58.279049,BIN_01,Sahid Nagar,47,FULL
2025-04-09 17:25:58.281351,BIN_02,Patia,21,OK
2025-04-09 17:25:58.283390,BIN_03,Old Town,13,OK
2025-04-09 17:26:08.357276,BIN_01,Sahid Nagar,36,OK
2025-04-09 17:26:08.357276,BIN_02,Patia,44,FULL
2025-04-09 17:26:08.419863,BIN_03,Old Town,29,OK
2025-04-09 17:26:18.435480,BIN_01,Sahid Nagar,1,OK
2025-04-09 17:26:19.196937,BIN_02,Patia,1,OK
2025-04-09 17:26:19.307127,BIN_03,Old Town,4,OK
2025-04-09 17:26:29.308477,BIN_01,Sahid Nagar,44,FULL
2025-04-09 17:26:29.310222,BIN_02,Patia,0,OK
2025-04-09 17:26:29.320861,BIN_03,Old Town,32,OK
2025-04-09 17:26:39.323814,BIN_01,Sahid Nagar,41,FULL
2025-04-09 17:26:39.325622,BIN_02,Patia,35,OK
2025-04-09 17:26:39.329296,BIN_03,Old Town,37,OK
2025-04-09 17:26:49.332194,BIN_01,Sahid Nagar,23,OK
2025-04-09 17:26:49.332194,BIN_02,Patia,32,OK
2025-04-09 17:26:49.332194,BIN_03,Old Town,40,FULL
2025-04-09 17:26:59.339312,BIN_01,Sahid Nagar,12,OK
2025-04-09 17:26:59.339312,BIN_02,Patia,28,OK
2025-04-09 17:26:59.339312,BIN_03,Old Town,32,OK
2025-04-09 17:27:09.345809,BIN_01,Sahid Nagar,3,OK
2025-04-09 17:27:09.345809,BIN_02,Patia,21,OK
2025-04-09 17:27:09.345809,BIN_03,Old Town,26,OK
2025-04-09 17:27:19.352403,BIN_01,Sahid Nagar,25,OK
2025-04-09 17:27:19.354644,BIN_02,Patia,22,OK
2025-04-09 17:27:19.354644,BIN_03,Old Town,36,OK
2025-04-09 17:27:29.359308,BIN_01,Sahid Nagar,11,OK
2025-04-09 17:27:29.359308,BIN_02,Patia,45,FULL
2025-04-09 17:27:29.359308,BIN_03,Old Town,50,FULL
2025-04-09 17:27:39.365826,BIN_01,Sahid Nagar,37,OK
2025-04-09 17:27:39.367341,BIN_02,Patia,2,OK
2025-04-09 17:27:39.394657,BIN_03,Old Town,48,FULL
2025-04-09 17:27:49.428429,BIN_01,Sahid Nagar,43,FULL
2025-04-09 17:27:49.477647,BIN_02,Patia,45,FULL
2025-04-09 17:27:49.477647,BIN_03,Old Town,33,OK
2025-04-09 17:27:59.484935,BIN_01,Sahid Nagar,48,FULL
2025-04-09 17:27:59.484935,BIN_02,Patia,33,OK
2025-04-09 17:27:59.487866,BIN_03,Old Town,14,OK
2025-04-09 17:28:09.489434,BIN_01,Sahid Nagar,15,OK
2025-04-09 17:28:09.489434,BIN_02,Patia,45,FULL
2025-04-09 17:28:09.520923,BIN_03,Old Town,2,OK
2025-04-09 17:28:19.525224,BIN_01,Sahid Nagar,12,OK
2025-04-09 17:28:19.525224,BIN_02,Patia,13,OK
2025-04-09 17:28:19.567326,BIN_03,Old Town,10,OK
2025-04-09 17:28:29.569889,BIN_01,Sahid Nagar,50,FULL
2025-04-09 17:28:29.569889,BIN_02,Patia,21,OK
2025-04-09 17:28:29.569889,BIN_03,Old Town,44,FULL
2025-04-09 17:28:39.576945,BIN_01,Sahid Nagar,14,OK
2025-04-09 17:28:39.576945,BIN_02,Patia,5,OK
2025-04-09 17:28:39.576945,BIN_03,Old Town,20,OK
2025-04-09 17:28:49.583785,BIN_01,Sahid Nagar,37,OK
2025-04-09 17:28:49.583785,BIN_02,Patia,49,FULL
2025-04-09 17:28:49.583785,BIN_03,Old Town,7,OK
2025-04-09 17:28:59.591070,BIN_01,Sahid Nagar,7,OK
2025-04-09 17:28:59.593543,BIN_02,Patia,10,OK
2025-04-09 17:28:59.593543,BIN_03,Old Town,37,OK
2025-04-09 17:29:09.650450,BIN_01,Sahid Nagar,41,FULL
2025-04-09 17:29:09.650450,BIN_02,Patia,6,OK
2025-04-09 17:29:09.650450,BIN_03,Old Town,43,FULL
2025-04-09 17:29:19.657210,BIN_01,Sahid Nagar,14,OK
2025-04-09 17:29:19.659667,BIN_02,Patia,34,OK
2025-04-09 17:29:19.659667,BIN_03,Old Town,26,OK
2025-04-09 17:29:29.664619,BIN_01,Sahid Nagar,50,FULL
2025-04-09 17:29:29.664619,BIN_02,Patia,21,OK
2025-04-09 17:29:29.664619,BIN_03,Old Town,44,FULL
2025-04-09 17:29:39.691562,BIN_01,Sahid Nagar,28,OK
2025-04-09 17:29:39.691562,BIN_02,Patia,26,OK
2025-04-09 17:29:39.691562,BIN_03,Old Town,25,OK
2025-04-09 17:29:49.698452,BIN_01,Sahid Nagar,31,OK
2025-04-09 17:29:49.698452,BIN_02,Patia,26,OK
2025-04-09 17:29:49.698452,BIN_03,Old Town,19,OK
2025-04-09 17:29:59.706367,BIN_01,Sahid Nagar,16,OK
2025-04-09 17:29:59.706367,BIN_02,Patia,49,FULL
2025-04-09 17:29:59.706367,BIN_03,Old Town,17,OK
2025-04-09 17:30:09.713109,BIN_01,Sahid Nagar,29,OK
2025-04-09 17:30:09.714241,BIN_02,Patia,2,OK
2025-04-09 17:30:09.715554,BIN_03,Old Town,49,FULL
2025-04-09 17:30:19.717216,BIN_01,Sahid Nagar,1,OK
2025-04-09 17:30:19.719453,BIN_02,Patia,28,OK
2025-04-09 17:30:19.720592,BIN_03,Old Town,37,OK
2025-04-09 17:30:29.722822,BIN_01,Sahid Nagar,21,OK
2025-04-09 17:30:29.722822,BIN_02,Patia,37,OK
2025-04-09 17:30:29.834758,BIN_03,Old Town,26,OK
2025-04-09 17:30:39.844427,BIN_01,Sahid Nagar,3,OK
2025-04-09 17:30:39.847334,BIN_02,Patia,40,FULL
2025-04-09 17:30:39.847334,BIN_03,Old Town,48,FULL
2025-04-09 17:30:49.853703,BIN_01,Sahid Nagar,49,FULL
2025-04-09 17:30:49.854831,BIN_02,Patia,37,OK
2025-04-09 17:30:49.928230,BIN_03,Old Town,50,FULL
2025-04-09 17:30:59.933624,BIN_01,Sahid Nagar,47,FULL
2025-04-09 17:30:59.950056,BIN_02,Patia,36,OK
2025-04-09 17:30:59.950056,BIN_03,Old Town,13,OK
2025-04-09 17:31:09.955695,BIN_01,Sahid Nagar,5,OK
2025-04-09 17:31:09.958385,BIN_02,Patia,24,OK
2025-04-09 17:31:09.959778,BIN_03,Old Town,41,FULL
2025-04-09 17:31:19.963087,BIN_01,Sahid Nagar,12,OK
2025-04-09 17:31:19.965064,BIN_02,Patia,21,OK
2025-04-09 17:31:19.980047,BIN_03,Old Town,24,OK
2025-04-09 17:31:29.999173,BIN_01,Sahid Nagar,0,OK
2025-04-09 17:31:29.999173,BIN_02,Patia,20,OK
2025-04-09 17:31:29.999173,BIN_03,Old Town,47,FULL
2025-04-09 17:31:40.005969,BIN_01,Sahid Nagar,50,FULL
2025-04-09 17:31:40.007491,BIN_02,Patia,49,FULL
2025-04-09 17:31:40.008529,BIN_03,Old Town,30,OK
2025-04-09 17:31:50.010208,BIN_01,Sahid Nagar,42,FULL
2025-04-09 17:31:50.010208,BIN_02,Patia,4,OK
2025-04-09 17:31:50.010208,BIN_03,Old Town,16,OK
2025-04-09 17:32:00.066056,BIN_01,Sahid Nagar,9,OK
2025-04-09 17:32:00.145966,BIN_02,Patia,12,OK
2025-04-09 17:32:00.145966,BIN_03,Old Town,28,OK
2025-04-09 17:32:10.415579,BIN_01,Sahid Nagar,50,FULL
2025-04-09 17:32:10.415579,BIN_02,Patia,8,OK
2025-04-09 17:32:10.415579,BIN_03,Old Town,40,FULL
2025-04-09 17:32:20.422701,BIN_01,Sahid Nagar,39,OK
2025-04-09 17:32:20.422701,BIN_02,Patia,19,OK
2025-04-09 17:32:20.422701,BIN_03,Old Town,0,OK
2025-04-09 17:32:30.429999,BIN_01,Sahid Nagar,9,OK
2025-04-09 17:32:30.432228,BIN_02,Patia,15,OK
2025-04-09 17:32:30.432228,BIN_03,Old Town,22,OK
2025-04-09 17:32:40.437281,BIN_01,Sahid Nagar,10,OK
2025-04-09 17:32:40.439114,BIN_02,Patia,19,OK
2025-04-09 17:32:40.439114,BIN_03,Old Town,1,OK
2025-04-09 17:32:50.443542,BIN_01,Sahid Nagar,7,OK
2025-04-09 17:32:50.443542,BIN_02,Patia,42,FULL
2025-04-09 17:32:50.443542,BIN_03,Old Town,18,OK
2025-04-09 17:33:00.450287,BIN_01,Sahid Nagar,0,OK
2025-04-09 17:33:00.824727,BIN_02,Patia,0,OK
2025-04-09 17:33:00.824727,BIN_03,Old Town,7,OK
2025-04-09 17:33:10.840186,BIN_01,Sahid Nagar,26,OK
2025-04-09 17:33:11.264269,BIN_02,Patia,50,FULL
2025-04-09 17:33:11.266973,BIN_03,Old Town,38,OK
2025-04-09 17:33:21.269893,BIN_01,Sahid Nagar,22,OK
2025-04-09 17:33:21.269893,BIN_02,Patia,28,OK
2025-04-09 17:33:21.316853,BIN_03,Old Town,17,OK
2025-04-09 17:33:31.330286,BIN_01,Sahid Nagar,33,OK
2025-04-09 17:33:31.330286,BIN_02,Patia,29,OK
2025-04-09 17:33:31.330286,BIN_03,Old Town,46,FULL
2025-04-09 17:33:41.336955,BIN_01,Sahid Nagar,28,OK
2025-04-09 17:33:41.336955,BIN_02,Patia,47,FULL
2025-04-09 17:33:41.336955,BIN_03,Old Town,8,OK
2025-04-09 17:33:51.344360,BIN_01,Sahid Nagar,17,OK
2025-04-09 17:33:52.144080,BIN_02,Patia,13,OK
2025-04-09 17:33:52.152687,BIN_03,Old Town,44,FULL
2025-04-09 17:34:02.156602,BIN_01,Sahid Nagar,10,OK
2025-04-09 17:34:02.329440,BIN_02,Patia,38,OK
2025-04-09 17:34:02.329440,BIN_03,Old Town,38,OK
2025-04-09 17:34:12.344383,BIN_01,Sahid Nagar,2,OK
2025-04-09 17:34:12.346899,BIN_02,Patia,35,OK
2025-04-09 17:34:12.378503,BIN_03,Old Town,38,OK
2025-04-09 17:34:22.387281,BIN_01,Sahid Nagar,21,OK
2025-04-09 17:34:22.389304,BIN_02,Patia,38,OK
2025-04-09 17:34:22.390781,BIN_03,Old Town,48,FULL
2025-04-09 17:34:32.394054,BIN_01,Sahid Nagar,48,FULL
2025-04-09 17:34:32.478230,BIN_02,Patia,25,OK
2025-04-09 17:34:32.478230,BIN_03,Old Town,39,OK
2025-04-09 17:34:42.489997,BIN_01,Sahid Nagar,3,OK
2025-04-09 17:34:42.489997,BIN_02,Patia,15,OK
2025-04-09 17:34:42.494594,BIN_03,Old Town,2,OK
2025-04-09 17:34:25.077292,BIN_01,Sahid Nagar,40,FULL
2025-04-09 17:34:25.077292,BIN_02,Patia,9,OK
2025-04-09 17:34:25.082432,BIN_03,Old Town,36,OK
2025-04-09 17:34:35.085178,BIN_01,Sahid Nagar,44,FULL
2025-04-09 17:34:35.085178,BIN_02,Patia,34,OK
2025-04-09 17:34:35.085178,BIN_03,Old Town,2,OK
2025-04-09 17:34:45.092957,BIN_01,Sahid Nagar,1,OK
2025-04-09 17:34:45.092957,BIN_02,Patia,25,OK
2025-04-09 17:34:45.092957,BIN_03,Old Town,5,OK
2025-04-09 17:34:55.099908,BIN_01,Sahid Nagar,30,OK
2025-04-09 17:34:55.099908,BIN_02,Patia,30,OK
2025-04-09 17:34:55.099908,BIN_03,Old Town,2,OK
2025-04-09 17:35:05.107054,BIN_01,Sahid Nagar,6,OK
2025-04-09 17:35:05.107054,BIN_02,Patia,33,OK
2025-04-09 17:35:05.107054,BIN_03,Old Town,0,OK
2025-04-09 17:35:15.113665,BIN_01,Sahid Nagar,3,OK
2025-04-09 17:35:15.113665,BIN_02,Patia,36,OK
2025-04-09 17:35:15.223121,BIN_03,Old Town,37,OK
2025-04-09 17:35:25.236013,BIN_01,Sahid Nagar,21,OK
2025-04-09 17:35:26.710090,BIN_02,Patia,46,FULL
2025-04-09 17:35:26.710090,BIN_03,Old Town,18,OK
2025-04-09 17:35:36.715222,BIN_01,Sahid Nagar,31,OK
2025-04-09 17:35:36.717066,BIN_02,Patia,48,FULL
2025-04-09 17:35:36.719068,BIN_03,Old Town,31,OK
2025-04-09 17:35:46.870291,BIN_01,Sahid Nagar,42,FULL
2025-04-09 17:35:46.872910,BIN_02,Patia,44,FULL
2025-04-09 17:35:46.872910,BIN_03,Old Town,35,OK
2025-04-09 17:35:56.878290,BIN_01,Sahid Nagar,8,OK
2025-04-09 17:35:56.878290,BIN_02,Patia,14,OK
2025-04-09 17:35:56.878290,BIN_03,Old Town,14,OK
2025-04-09 17:36:06.885332,BIN_01,Sahid Nagar,24,OK
2025-04-09 17:36:06.887335,BIN_02,Patia,47,FULL
2025-04-09 17:36:06.950791,BIN_03,Old Town,21,OK
2025-04-09 17:36:16.958818,BIN_01,Sahid Nagar,42,FULL
2025-04-09 17:36:16.958818,BIN_02,Patia,38,OK
2025-04-09 17:36:16.963053,BIN_03,Old Town,12,OK
2025-04-09 17:36:26.965784,BIN_01,Sahid Nagar,23,OK
2025-04-09 17:36:26.969840,BIN_02,Patia,31,OK
2025-04-09 17:36:26.972373,BIN_03,Old Town,12,OK
2025-04-09 17:36:36.974486,BIN_01,Sahid Nagar,45,FULL
2025-04-09 17:36:36.976739,BIN_02,Patia,7,OK
2025-04-09 17:36:36.978360,BIN_03,Old Town,11,OK
2025-04-09 17:36:46.981958,BIN_01,Sahid Nagar,34,OK
2025-04-09 17:36:46.981958,BIN_02,Patia,29,OK
2025-04-09 17:36:46.981958,BIN_03,Old Town,26,OK
2025-04-09 17:36:56.989027,BIN_01,Sahid Nagar,28,OK
2025-04-09 17:36:56.989027,BIN_02,Patia,11,OK
2025-04-09 17:36:57.010237,BIN_03,Old Town,24,OK
2025-04-09 17:37:07.020321,BIN_01,Sahid Nagar,29,OK
2025-04-09 17:37:07.020321,BIN_02,Patia,36,OK
2025-04-09 17:37:07.020321,BIN_03,Old Town,9,OK
2025-04-09 17:37:17.028235,BIN_01,Sahid Nagar,50,FULL
2025-04-09 17:37:17.029845,BIN_02,Patia,34,OK
2025-04-09 17:37:17.030348,BIN_03,Old Town,17,OK
2025-04-09 17:37:27.033220,BIN_01,Sahid Nagar,33,OK
2025-04-09 17:37:27.035081,BIN_02,Patia,0,OK
2025-04-09 17:37:27.053944,BIN_03,Old Town,33,OK
2025-04-09 17:37:37.056834,BIN_01,Sahid Nagar,23,OK
2025-04-09 17:37:37.056834,BIN_02,Patia,36,OK
2025-04-09 17:37:37.056834,BIN_03,Old Town,12,OK
2025-04-09 17:37:47.063888,BIN_01,Sahid Nagar,50,FULL
2025-04-09 17:37:47.066425,BIN_02,Patia,50,FULL
2025-04-09 17:37:47.066425,BIN_03,Old Town,37,OK
2025-04-09 17:37:57.072052,BIN_01,Sahid Nagar,15,OK
2025-04-09 17:37:57.072052,BIN_02,Patia,40,FULL
2025-04-09 17:37:57.072052,BIN_03,Old Town,13,OK
2025-04-09 17:38:07.078897,BIN_01,Sahid Nagar,30,OK
2025-04-09 17:38:07.080768,BIN_02,Patia,26,OK
2025-04-09 17:38:07.080768,BIN_03,Old Town,26,OK
2025-04-09 17:38:17.085645,BIN_01,Sahid Nagar,40,FULL
2025-04-09 17:38:17.088192,BIN_02,Patia,16,OK
2025-04-09 17:38:17.088192,BIN_03,Old Town,41,FULL
2025-04-09 17:38:27.093158,BIN_01,Sahid Nagar,1,OK
2025-04-09 17:38:27.095506,BIN_02,Patia,19,OK
2025-04-09 17:38:27.095506,BIN_03,Old Town,20,OK
2025-04-09 17:38:37.099740,BIN_01,Sahid Nagar,36,OK
2025-04-09 17:38:37.101598,BIN_02,Patia,45,FULL
2025-04-09 17:38:37.101598,BIN_03,Old Town,47,FULL
2025-04-09 17:38:47.105008,BIN_01,Sahid Nagar,30,OK
2025-04-09 17:38:47.198845,BIN_02,Patia,21,OK
2025-04-09 17:38:47.198845,BIN_03,Old Town,15,OK
2025-04-09 17:38:57.212005,BIN_01,Sahid Nagar,29,OK
2025-04-09 17:38:57.212005,BIN_02,Patia,11,OK
2025-04-09 17:38:57.212005,BIN_03,Old Town,18,OK
2025-04-09 17:39:07.219515,BIN_01,Sahid Nagar,31,OK
2025-04-09 17:39:07.251224,BIN_02,Patia,8,OK
2025-04-09 17:39:07.251224,BIN_03,Old Town,24,OK
2025-04-09 17:39:17.269405,BIN_01,Sahid Nagar,18,OK
2025-04-09 17:39:17.300757,BIN_02,Patia,5,OK
2025-04-09 17:39:17.300757,BIN_03,Old Town,18,OK
2025-04-09 17:39:27.313554,BIN_01,Sahid Nagar,50,FULL
2025-04-09 17:39:27.369364,BIN_02,Patia,40,FULL
2025-04-09 17:39:27.400952,BIN_03,Old Town,2,OK
2025-04-09 17:39:37.411795,BIN_01,Sahid Nagar,24,OK
2025-04-09 17:39:37.411795,BIN_02,Patia,49,FULL
2025-04-09 17:39:37.411795,BIN_03,Old Town,7,OK
2025-04-09 17:39:47.418990,BIN_01,Sahid Nagar,39,OK
2025-04-09 17:39:47.530022,BIN_02,Patia,16,OK
2025-04-09 17:39:47.530022,BIN_03,Old Town,26,OK
2025-04-09 17:39:57.536837,BIN_01,Sahid Nagar,2,OK
2025-04-09 17:39:57.554943,BIN_02,Patia,21,OK
2025-04-09 17:39:57.557113,BIN_03,Old Town,33,OK
2025-04-09 17:40:07.560103,BIN_01,Sahid Nagar,34,OK
2025-04-09 17:40:07.562699,BIN_02,Patia,47,FULL
2025-04-09 17:40:07.609665,BIN_03,Old Town,12,OK
2025-04-09 17:40:17.641259,BIN_01,Sahid Nagar,41,FULL
2025-04-09 17:40:17.641259,BIN_02,Patia,10,OK
2025-04-09 17:40:17.641259,BIN_03,Old Town,3,OK
2025-04-09 17:40:27.647829,BIN_01,Sahid Nagar,39,OK
2025-04-09 17:40:27.657956,BIN_02,Patia,48,FULL
2025-04-09 17:40:27.669143,BIN_03,Old Town,49,FULL
2025-04-09 17:40:37.672501,BIN_01,Sahid Nagar,23,OK
2025-04-09 17:40:37.735716,BIN_02,Patia,34,OK
2025-04-09 17:40:37.751708,BIN_03,Old Town,18,OK
2025-04-09 17:40:47.767884,BIN_01,Sahid Nagar,2,OK
2025-04-09 17:40:47.944490,BIN_02,Patia,46,FULL
2025-04-09 17:40:47.947500,BIN_03,Old Town,17,OK
2025-04-09 17:40:57.950059,BIN_01,Sahid Nagar,20,OK
2025-04-09 17:40:58.067498,BIN_02,Patia,40,FULL
2025-04-09 17:40:58.069336,BIN_03,Old Town,3,OK
2025-04-09 17:41:08.071496,BIN_01,Sahid Nagar,9,OK
2025-04-09 17:41:08.071496,BIN_02,Patia,20,OK
2025-04-09 17:41:08.183455,BIN_03,Old Town,25,OK
2025-04-09 17:41:18.191862,BIN_01,Sahid Nagar,6,OK
2025-04-09 17:41:18.194842,BIN_02,Patia,21,OK
2025-04-09 17:41:18.258559,BIN_03,Old Town,24,OK
2025-04-09 17:41:28.272500,BIN_01,Sahid Nagar,36,OK
2025-04-09 17:41:28.274154,BIN_02,Patia,49,FULL
2025-04-09 17:41:28.275805,BIN_03,Old Town,16,OK
2025-04-09 17:41:38.277575,BIN_01,Sahid Nagar,44,FULL
2025-04-09 17:41:38.295533,BIN_02,Patia,31,OK
2025-04-09 17:41:38.295533,BIN_03,Old Town,45,FULL
2025-04-09 17:41:48.307370,BIN_01,Sahid Nagar,49,FULL
2025-04-09 17:41:48.307370,BIN_02,Patia,10,OK
2025-04-09 17:41:48.479759,BIN_03,Old Town,4,OK
2025-04-09 17:41:58.486647,BIN_01,Sahid Nagar,47,FULL
2025-04-09 17:41:58.486647,BIN_02,Patia,16,OK
2025-04-09 17:41:58.486647,BIN_03,Old Town,33,OK
2025-04-09 17:42:08.493274,BIN_01,Sahid Nagar,0,OK
2025-04-09 17:42:08.493274,BIN_02,Patia,2,OK
2025-04-09 17:42:08.493274,BIN_03,Old Town,18,OK
2025-04-09 17:42:18.500560,BIN_01,Sahid Nagar,33,OK
2025-04-09 17:42:18.500560,BIN_02,Patia,32,OK
2025-04-09 17:42:18.500560,BIN_03,Old Town,34,OK
2025-04-09 17:42:28.606911,BIN_01,Sahid Nagar,32,OK
2025-04-09 17:42:28.606911,BIN_02,Patia,2,OK
2025-04-09 17:42:28.611231,BIN_03,Old Town,38,OK
2025-04-09 17:42:38.614076,BIN_01,Sahid Nagar,24,OK
2025-04-09 17:42:38.614076,BIN_02,Patia,41,FULL
2025-04-09 17:42:38.614076,BIN_03,Old Town,50,FULL
2025-04-09 17:42:48.621148,BIN_01,Sahid Nagar,22,OK
2025-04-09 17:42:48.672932,BIN_02,Patia,41,FULL
2025-04-09 17:42:48.675472,BIN_03,Old Town,45,FULL
2025-04-09 17:42:58.678341,BIN_01,Sahid Nagar,44,FULL
2025-04-09 17:42:58.678341,BIN_02,Patia,32,OK
2025-04-09 17:42:58.678341,BIN_03,Old Town,32,OK
2025-04-09 17:43:08.720722,BIN_01,Sahid Nagar,10,OK
2025-04-09 17:43:08.720722,BIN_02,Patia,43,FULL
2025-04-09 17:43:08.720722,BIN_03,Old Town,43,FULL
2025-04-09 17:43:18.727965,BIN_01,Sahid Nagar,12,OK
2025-04-09 17:43:18.727965,BIN_02,Patia,40,FULL
2025-04-09 17:43:18.727965,BIN_03,Old Town,43,FULL
2025-04-09 17:43:28.734846,BIN_01,Sahid Nagar,3,OK
2025-04-09 17:43:28.781812,BIN_02,Patia,30,OK
2025-04-09 17:43:28.781812,BIN_03,Old Town,5,OK
2025-04-09 17:43:38.788662,BIN_01,Sahid Nagar,45,FULL
2025-04-09 17:43:38.788662,BIN_02,Patia,4,OK
2025-04-09 17:43:38.788662,BIN_03,Old Town,23,OK
2025-04-09 17:43:48.796556,BIN_01,Sahid Nagar,18,OK
2025-04-09 17:43:48.798362,BIN_02,Patia,43,FULL
2025-04-09 17:43:48.798362,BIN_03,Old Town,17,OK
2025-04-09 17:43:58.804082,BIN_01,Sahid Nagar,8,OK
2025-04-09 17:43:58.804082,BIN_02,Patia,21,OK
2025-04-09 17:43:58.804082,BIN_03,Old Town,37,OK
2025-04-09 17:44:08.811025,BIN_01,Sahid Nagar,6,OK
2025-04-09 17:44:08.812485,BIN_02,Patia,48,FULL
2025-04-09 17:44:08.813836,BIN_03,Old Town,50,FULL
2025-04-09 17:44:18.815537,BIN_01,Sahid Nagar,31,OK
2025-04-09 17:44:18.831266,BIN_02,Patia,38,OK
2025-04-09 17:44:18.831266,BIN_03,Old Town,19,OK
2025-04-09 17:44:28.844860,BIN_01,Sahid Nagar,42,FULL
2025-04-09 17:44:28.846811,BIN_02,Patia,42,FULL
2025-04-09 17:44:28.846811,BIN_03,Old Town,29,OK
2025-04-09 17:44:38.851992,BIN_01,Sahid Nagar,13,OK
2025-04-09 17:44:38.854491,BIN_02,Patia,20,OK
2025-04-09 17:44:38.882811,BIN_03,Old Town,26,OK
2025-04-09 17:44:48.892133,BIN_01,Sahid Nagar,10,OK
2025-04-09 17:44:48.892133,BIN_02,Patia,10,OK
2025-04-09 17:44:48.896675,BIN_03,Old Town,45,FULL
2025-04-09 17:44:58.899401,BIN_01,Sahid Nagar,23,OK
2025-04-09 17:44:58.899401,BIN_02,Patia,6,OK
2025-04-09 17:44:58.947889,BIN_03,Old Town,11,OK
2025-04-09 17:45:08.960563,BIN_01,Sahid Nagar,18,OK
2025-04-09 17:45:08.962008,BIN_02,Patia,40,FULL
2025-04-09 17:45:08.962008,BIN_03,Old Town,24,OK
2025-04-09 17:45:18.967839,BIN_01,Sahid Nagar,3,OK
2025-04-09 17:45:18.987276,BIN_02,Patia,26,OK
2025-04-09 17:45:18.987276,BIN_03,Old Town,40,FULL
2025-04-09 17:45:28.992884,BIN_01,Sahid Nagar,45,FULL
2025-04-09 17:45:28.992884,BIN_02,Patia,6,OK
2025-04-09 17:45:28.998109,BIN_03,Old Town,27,OK
2025-04-09 17:45:39.000236,BIN_01,Sahid Nagar,43,FULL
2025-04-09 17:45:39.003218,BIN_02,Patia,22,OK
2025-04-09 17:45:39.003218,BIN_03,Old Town,20,OK
2025-04-09 17:45:49.007487,BIN_01,Sahid Nagar,44,FULL
2025-04-09 17:45:49.007487,BIN_02,Patia,36,OK
2025-04-09 17:45:49.007487,BIN_03,Old Town,9,OK
2025-04-09 17:45:59.030903,BIN_01,Sahid Nagar,50,FULL
2025-04-09 17:45:59.033084,BIN_02,Patia,19,OK
2025-04-09 17:45:59.033084,BIN_03,Old Town,41,FULL
2025-04-09 17:46:09.036980,BIN_01,Sahid Nagar,4,OK
2025-04-09 17:46:09.052696,BIN_02,Patia,17,OK
2025-04-09 17:46:09.052696,BIN_03,Old Town,12,OK
2025-04-09 17:46:19.060428,BIN_01,Sahid Nagar,28,OK
2025-04-09 17:46:19.117742,BIN_02,Patia,4,OK
2025-04-09 17:46:19.120281,BIN_03,Old Town,34,OK
2025-04-09 17:46:29.122900,BIN_01,Sahid Nagar,40,FULL
2025-04-09 17:46:29.124006,BIN_02,Patia,36,OK
2025-04-09 17:46:29.125484,BIN_03,Old Town,41,FULL
2025-04-09 17:46:39.127194,BIN_01,Sahid Nagar,48,FULL
2025-04-09 17:46:39.129158,BIN_02,Patia,26,OK
2025-04-09 17:46:39.200507,BIN_03,Old Town,10,OK
2025-04-09 17:46:49.241119,BIN_01,Sahid Nagar,20,OK
2025-04-09 17:46:49.241119,BIN_02,Patia,23,OK
2025-04-09 17:46:49.241119,BIN_03,Old Town,39,OK
2025-04-09 17:46:59.255650,BIN_01,Sahid Nagar,28,OK
2025-04-09 17:46:59.257573,BIN_02,Patia,10,OK
2025-04-09 17:46:59.257573,BIN_03,Old Town,50,FULL
2025-04-09 17:47:09.262453,BIN_01,Sahid Nagar,16,OK
2025-04-09 17:47:09.264682,BIN_02,Patia,29,OK
2025-04-09 17:47:09.264682,BIN_03,Old Town,23,OK
2025-04-09 17:47:19.269335,BIN_01,Sahid Nagar,38,OK
2025-04-09 17:47:19.316297,BIN_02,Patia,14,OK
2025-04-09 17:47:19.329051,BIN_03,Old Town,16,OK
2025-04-09 17:47:29.332446,BIN_01,Sahid Nagar,24,OK
2025-04-09 17:47:29.334586,BIN_02,Patia,19,OK
2025-04-09 17:47:29.335584,BIN_03,Old Town,3,OK
2025-04-09 17:47:39.339636,BIN_01,Sahid Nagar,17,OK
2025-04-09 17:47:39.339636,BIN_02,Patia,18,OK
2025-04-09 17:47:39.660616,BIN_03,Old Town,40,FULL
2025-04-09 17:47:49.663195,BIN_01,Sahid Nagar,21,OK
2025-04-09 17:47:49.663969,BIN_02,Patia,30,OK
2025-04-09 17:47:49.663969,BIN_03,Old Town,25,OK
2025-04-09 17:47:59.669217,BIN_01,Sahid Nagar,50,FULL
2025-04-09 17:47:59.689426,BIN_02,Patia,24,OK
2025-04-09 17:47:59.689426,BIN_03,Old Town,50,FULL
2025-04-09 17:48:09.744963,BIN_01,Sahid Nagar,15,OK
2025-04-09 17:48:09.881835,BIN_02,Patia,37,OK
2025-04-09 17:48:09.881835,BIN_03,Old Town,35,OK
2025-04-09 17:48:19.898799,BIN_01,Sahid Nagar,33,OK
2025-04-09 17:48:19.898799,BIN_02,Patia,15,OK
2025-04-09 17:48:19.936068,BIN_03,Old Town,15,OK
2025-04-09 17:48:29.940914,BIN_01,Sahid Nagar,12,OK
2025-04-09 17:48:29.942654,BIN_02,Patia,12,OK
2025-04-09 17:48:29.945045,BIN_03,Old Town,1,OK
2025-04-09 17:48:39.947624,BIN_01,Sahid Nagar,35,OK
2025-04-09 17:48:39.949434,BIN_02,Patia,37,OK
2025-04-09 17:48:39.984582,BIN_03,Old Town,49,FULL
2025-04-09 17:48:49.987737,BIN_01,Sahid Nagar,4,OK
2025-04-09 17:48:49.989541,BIN_02,Patia,30,OK
2025-04-09 17:48:50.005377,BIN_03,Old Town,39,OK
2025-04-09 17:49:00.040850,BIN_01,Sahid Nagar,6,OK
2025-04-09 17:49:00.057101,BIN_02,Patia,44,FULL
2025-04-09 17:49:00.060794,BIN_03,Old Town,34,OK
2025-04-09 17:49:10.063768,BIN_01,Sahid Nagar,0,OK
2025-04-09 17:49:10.709359,BIN_02,Patia,37,OK
2025-04-09 17:49:10.846631,BIN_03,Old Town,20,OK
2025-04-09 17:49:20.855488,BIN_01,Sahid Nagar,30,OK
2025-04-09 17:49:20.855488,BIN_02,Patia,33,OK
2025-04-09 17:49:20.855488,BIN_03,Old Town,44,FULL
2025-04-09 17:49:30.862110,BIN_01,Sahid Nagar,45,FULL
2025-04-09 17:49:30.863723,BIN_02,Patia,21,OK
2025-04-09 17:49:30.863723,BIN_03,Old Town,13,OK
2025-04-09 17:49:40.869200,BIN_01,Sahid Nagar,31,OK
2025-04-09 17:49:40.900542,BIN_02,Patia,1,OK
2025-04-09 17:49:40.900542,BIN_03,Old Town,44,FULL
2025-04-09 17:49:50.912744,BIN_01,Sahid Nagar,9,OK
2025-04-09 17:49:50.912744,BIN_02,Patia,2,OK
2025-04-09 17:49:50.912744,BIN_03,Old Town,44,FULL
2025-04-09 17:50:00.919506,BIN_01,Sahid Nagar,44,FULL
2025-04-09 17:50:00.920276,BIN_02,Patia,1,OK
2025-04-09 17:50:00.922371,BIN_03,Old Town,32,OK
2025-04-09 17:50:10.923494,BIN_01,Sahid Nagar,17,OK
2025-04-09 17:50:10.926328,BIN_02,Patia,32,OK
2025-04-09 17:50:10.951093,BIN_03,Old Town,24,OK
2025-04-09 17:50:20.954051,BIN_01,Sahid Nagar,11,OK
2025-04-09 17:50:20.954051,BIN_02,Patia,42,FULL
2025-04-09 17:50:20.954051,BIN_03,Old Town,34,OK
2025-04-09 17:50:30.960756,BIN_01,Sahid Nagar,10,OK
2025-04-09 17:50:31.021773,BIN_02,Patia,5,OK
2025-04-09 17:50:31.083179,BIN_03,Old Town,0,OK
2025-04-09 17:50:41.092850,BIN_01,Sahid Nagar,46,FULL
2025-04-09 17:50:41.092850,BIN_02,Patia,13,OK
2025-04-09 17:50:41.124188,BIN_03,Old Town,22,OK
2025-04-09 17:50:51.134493,BIN_01,Sahid Nagar,7,OK
2025-04-09 17:50:51.134493,BIN_02,Patia,18,OK
2025-04-09 17:50:51.134493,BIN_03,Old Town,25,OK
2025-04-09 17:51:01.141191,BIN_01,Sahid Nagar,22,OK
2025-04-09 17:51:01.141191,BIN_02,Patia,23,OK
2025-04-09 17:51:01.141191,BIN_03,Old Town,32,OK
2025-04-09 17:51:11.147821,BIN_01,Sahid Nagar,36,OK
2025-04-09 17:51:11.179087,BIN_02,Patia,43,FULL
2025-04-09 17:51:11.179087,BIN_03,Old Town,10,OK
2025-04-09 17:51:21.195986,BIN_01,Sahid Nagar,47,FULL
2025-04-09 17:51:21.227235,BIN_02,Patia,5,OK
2025-04-09 17:51:21.227235,BIN_03,Old Town,15,OK
2025-04-09 17:51:31.245462,BIN_01,Sahid Nagar,15,OK
2025-04-09 17:51:31.247394,BIN_02,Patia,13,OK
2025-04-09 17:51:31.247394,BIN_03,Old Town,18,OK
2025-04-09 17:51:41.252188,BIN_01,Sahid Nagar,26,OK
2025-04-09 17:51:41.255316,BIN_02,Patia,43,FULL
2025-04-09 17:51:43.567306,BIN_03,Old Town,14,OK
2025-04-09 17:51:53.695995,BIN_01,Sahid Nagar,9,OK
2025-04-09 17:51:53.695995,BIN_02,Patia,29,OK
2025-04-09 17:51:53.695995,BIN_03,Old Town,34,OK
2025-04-09 17:52:03.702568,BIN_01,Sahid Nagar,6,OK
2025-04-09 17:52:03.704273,BIN_02,Patia,36,OK
2025-04-09 17:52:03.704273,BIN_03,Old Town,48,FULL
2025-04-09 17:52:13.708884,BIN_01,Sahid Nagar,43,FULL
2025-04-09 17:52:13.710707,BIN_02,Patia,23,OK
2025-04-09 17:52:13.713235,BIN_03,Old Town,8,OK
2025-04-09 17:52:23.715797,BIN_01,Sahid Nagar,39,OK
2025-04-09 17:52:23.715797,BIN_02,Patia,46,FULL
2025-04-09 17:52:23.715797,BIN_03,Old Town,23,OK
2025-04-09 17:52:33.722663,BIN_01,Sahid Nagar,40,FULL
2025-04-09 17:52:33.722663,BIN_02,Patia,5,OK
2025-04-09 17:52:33.722663,BIN_03,Old Town,27,OK
2025-04-09 17:52:43.729361,BIN_01,Sahid Nagar,0,OK
2025-04-09 17:52:43.729361,BIN_02,Patia,26,OK
2025-04-09 17:52:43.729361,BIN_03,Old Town,8,OK
2025-04-09 17:52:53.736247,BIN_01,Sahid Nagar,45,FULL
2025-04-09 17:52:53.736247,BIN_02,Patia,42,FULL
2025-04-09 17:52:53.736247,BIN_03,Old Town,3,OK
2025-04-09 17:53:03.743001,BIN_01,Sahid Nagar,27,OK
2025-04-09 17:53:03.744825,BIN_02,Patia,3,OK
2025-04-09 17:53:03.744825,BIN_03,Old Town,13,OK
2025-04-09 17:53:13.750342,BIN_01,Sahid Nagar,39,OK
2025-04-09 17:53:13.750342,BIN_02,Patia,35,OK
2025-04-09 17:53:13.750342,BIN_03,Old Town,23,OK
2025-04-09 17:53:23.757406,BIN_01,Sahid Nagar,43,FULL
2025-04-09 17:53:23.759137,BIN_02,Patia,28,OK
2025-04-09 17:53:23.759137,BIN_03,Old Town,47,FULL
2025-04-09 17:53:33.763479,BIN_01,Sahid Nagar,36,OK
2025-04-09 17:53:33.763479,BIN_02,Patia,29,OK
2025-04-09 17:53:33.763479,BIN_03,Old Town,22,OK
2025-04-09 17:53:43.770367,BIN_01,Sahid Nagar,38,OK
2025-04-09 17:53:43.772681,BIN_02,Patia,25,OK
2025-04-09 17:53:43.773956,BIN_03,Old Town,24,OK
2025-04-09 17:53:53.776578,BIN_01,Sahid Nagar,9,OK
2025-04-09 17:53:53.776578,BIN_02,Patia,49,FULL
2025-04-09 17:53:53.776578,BIN_03,Old Town,28,OK
2025-04-09 17:54:03.783502,BIN_01,Sahid Nagar,5,OK
2025-04-09 17:54:03.783502,BIN_02,Patia,40,FULL
2025-04-09 17:54:03.783502,BIN_03,Old Town,3,OK
2025-04-09 17:54:13.790609,BIN_01,Sahid Nagar,7,OK
2025-04-09 17:54:13.792862,BIN_02,Patia,48,FULL
2025-04-09 17:54:13.792862,BIN_03,Old Town,30,OK
2025-04-09 17:54:23.797744,BIN_01,Sahid Nagar,8,OK
2025-04-09 17:54:24.563345,BIN_02,Patia,25,OK
2025-04-09 17:54:24.564701,BIN_03,Old Town,18,OK
2025-04-09 17:54:34.568034,BIN_01,Sahid Nagar,9,OK
2025-04-09 17:54:34.570268,BIN_02,Patia,3,OK
2025-04-09 17:54:34.570268,BIN_03,Old Town,25,OK
2025-04-09 17:54:44.573500,BIN_01,Sahid Nagar,28,OK
2025-04-09 17:54:44.573500,BIN_02,Patia,22,OK
2025-04-09 17:54:44.573500,BIN_03,Old Town,36,OK
2025-04-09 17:54:54.579612,BIN_01,Sahid Nagar,29,OK
2025-04-09 17:54:54.579612,BIN_02,Patia,45,FULL
2025-04-09 17:54:54.584581,BIN_03,Old Town,11,OK
2025-04-09 17:55:04.587231,BIN_01,Sahid Nagar,37,OK
2025-04-09 17:55:04.587231,BIN_02,Patia,43,FULL
2025-04-09 17:55:04.587231,BIN_03,Old Town,7,OK
2025-04-09 17:55:14.593435,BIN_01,Sahid Nagar,10,OK
2025-04-09 17:55:14.595224,BIN_02,Patia,15,OK
2025-04-09 17:55:14.597271,BIN_03,Old Town,19,OK
2025-04-09 17:55:24.598882,BIN_01,Sahid Nagar,43,FULL
2025-04-09 17:55:24.601131,BIN_02,Patia,9,OK
2025-04-09 17:55:25.123736,BIN_03,Old Town,1,OK
2025-04-09 17:55:35.133317,BIN_01,Sahid Nagar,27,OK
2025-04-09 17:55:35.133317,BIN_02,Patia,27,OK
2025-04-09 17:55:35.133317,BIN_03,Old Town,29,OK
2025-04-09 17:55:45.140491,BIN_01,Sahid Nagar,39,OK
2025-04-09 17:55:45.948155,BIN_02,Patia,36,OK
2025-04-09 17:55:46.085550,BIN_03,Old Town,33,OK
2025-04-09 17:55:56.089287,BIN_01,Sahid Nagar,1,OK
2025-04-09 17:55:56.090732,BIN_02,Patia,22,OK
2025-04-09 17:55:56.090732,BIN_03,Old Town,33,OK
2025-04-09 17:56:06.095247,BIN_01,Sahid Nagar,47,FULL
2025-04-09 17:56:06.097041,BIN_02,Patia,26,OK
2025-04-09 17:56:06.097041,BIN_03,Old Town,24,OK
2025-04-09 17:56:16.101711,BIN_01,Sahid Nagar,3,OK
2025-04-09 17:56:16.104025,BIN_02,Patia,7,OK
2025-04-09 17:56:16.105931,BIN_03,Old Town,49,FULL
2025-04-09 17:56:26.108055,BIN_01,Sahid Nagar,50,FULL
2025-04-09 17:56:26.274987,BIN_02,Patia,3,OK
2025-04-09 17:56:26.274987,BIN_03,Old Town,17,OK
2025-04-09 17:56:36.279650,BIN_01,Sahid Nagar,6,OK
2025-04-09 17:56:37.036874,BIN_02,Patia,50,FULL
2025-04-09 17:56:37.038615,BIN_03,Old Town,6,OK
2025-04-09 17:56:47.041256,BIN_01,Sahid Nagar,27,OK
2025-04-09 17:56:47.544066,BIN_02,Patia,14,OK
2025-04-09 17:56:47.545570,BIN_03,Old Town,5,OK
2025-04-09 17:56:57.546942,BIN_01,Sahid Nagar,23,OK
2025-04-09 17:56:57.955550,BIN_02,Patia,18,OK
2025-04-09 17:56:57.957730,BIN_03,Old Town,32,OK
2025-04-09 17:57:07.959621,BIN_01,Sahid Nagar,40,FULL
2025-04-09 17:57:07.962428,BIN_02,Patia,11,OK
2025-04-09 17:57:07.965135,BIN_03,Old Town,46,FULL
2025-04-09 17:57:17.967089,BIN_01,Sahid Nagar,50,FULL
2025-04-09 17:57:17.969253,BIN_02,Patia,19,OK
2025-04-09 17:57:17.971517,BIN_03,Old Town,43,FULL
2025-04-09 17:57:27.974479,BIN_01,Sahid Nagar,37,OK
2025-04-09 17:57:27.976796,BIN_02,Patia,33,OK
2025-04-09 17:57:27.976796,BIN_03,Old Town,14,OK
2025-04-09 17:57:37.980877,BIN_01,Sahid Nagar,1,OK
2025-04-09 17:57:37.980877,BIN_02,Patia,36,OK
2025-04-09 17:57:37.986031,BIN_03,Old Town,41,FULL
2025-04-09 17:57:47.988252,BIN_01,Sahid Nagar,29,OK
2025-04-09 17:57:47.991896,BIN_02,Patia,44,FULL
2025-04-09 17:57:47.991896,BIN_03,Old Town,46,FULL
2025-04-09 17:57:57.997124,BIN_01,Sahid Nagar,41,FULL
2025-04-09 17:57:57.999997,BIN_02,Patia,40,FULL
2025-04-09 17:57:58.002213,BIN_03,Old Town,6,OK
2025-04-09 17:58:08.003864,BIN_01,Sahid Nagar,4,OK
2025-04-09 17:58:08.003864,BIN_02,Patia,7,OK
2025-04-09 17:58:08.008372,BIN_03,Old Town,42,FULL
2025-04-09 17:58:18.011041,BIN_01,Sahid Nagar,34,OK
2025-04-09 17:58:18.011041,BIN_02,Patia,47,FULL
2025-04-09 17:58:18.016173,BIN_03,Old Town,37,OK
2025-04-09 17:58:28.019021,BIN_01,Sahid Nagar,17,OK
2025-04-09 17:58:28.019021,BIN_02,Patia,19,OK
2025-04-09 17:58:28.023762,BIN_03,Old Town,4,OK
2025-04-09 17:58:38.025738,BIN_01,Sahid Nagar,26,OK
2025-04-09 17:58:38.028485,BIN_02,Patia,7,OK
2025-04-09 17:58:38.030557,BIN_03,Old Town,7,OK
2025-04-09 17:58:48.032507,BIN_01,Sahid Nagar,43,FULL
2025-04-09 17:58:48.035118,BIN_02,Patia,10,OK
2025-04-09 17:58:48.037490,BIN_03,Old Town,34,OK
2025-04-09 17:58:58.039612,BIN_01,Sahid Nagar,33,OK
2025-04-09 17:58:58.039612,BIN_02,Patia,36,OK
2025-04-09 17:58:58.039612,BIN_03,Old Town,14,OK
2025-04-09 17:59:08.046628,BIN_01,Sahid Nagar,5,OK
2025-04-09 17:59:08.048641,BIN_02,Patia,7,OK
2025-04-09 17:59:08.048641,BIN_03,Old Town,6,OK
2025-04-09 17:59:18.053668,BIN_01,Sahid Nagar,38,OK
2025-04-09 17:59:18.053668,BIN_02,Patia,4,OK
2025-04-09 17:59:18.058228,BIN_03,Old Town,41,FULL
2025-04-09 17:59:28.060091,BIN_01,Sahid Nagar,14,OK
2025-04-09 17:59:28.061694,BIN_02,Patia,5,OK
2025-04-09 17:59:28.061694,BIN_03,Old Town,6,OK
2025-04-09 17:59:38.063617,BIN_01,Sahid Nagar,9,OK
2025-04-09 17:59:38.065725,BIN_02,Patia,34,OK
2025-04-09 17:59:38.066886,BIN_03,Old Town,6,OK
2025-04-09 17:59:48.068931,BIN_01,Sahid Nagar,29,OK
2025-04-09 17:59:48.071026,BIN_02,Patia,4,OK
2025-04-09 17:59:48.072453,BIN_03,Old Town,14,OK
